Read by,DR Version 10,8/21/2006 10:55,
Site,933,,
Site Description,Beresford,,
Project Code,New,,
Project Description,WAPA Anemometer Loan Program,,
Location Description,"Beresford, SD, 57004",,
Site Elevation,1443,,
Time Zone,-5,,
Latitude,43.0889,,
Longitude,96.7869,,
Units,English,,
Logger Model Number,2333,,
Logger Serial Number,933,,
Logger Firmware Version,9,,
DataPlug Serial Number,8520,,
Previously Read,NO,,
Start Time,7/10/2006 0:03,,
Battery Voltage at Start,5,,
Gust Speed,38,,
Gust Direction,21,,
Gust Time,7/31/2006 3:29,,
Stop Time,7/31/2006 19:20,,
Battery Voltage at Stop,8.8,,
[Channel01],,,
Sensor Type,1,,
Description,NRG #40 Maximum Anemometer,,
S/N,None,,
Height,66,,
Scale Factor,1.711,,
Offset,0.78,,
Print Precision,###.#,,
Units,mph,,
[Channel02],,,
Sensor Type,4,,
Description,NRG #200P Wind Direction Vane,,
S/N,None,,
Height,66,,
Scale Factor,1,,
Offset,0,,
Print Precision,###,,
Units,Degrees,,
[Channel03],,,
Sensor Type,6,,
Description,NRG #110S Temperature Sensor,,
S/N,None,,
Height,0,,
Scale Factor,1,,
Offset,-123.5,,
Print Precision,###.#,,
Units,Degrees F,,
,,,
Raw Header:,,,
33 09 33 09 33 23 09 02 48 21 20 31 A1 FF FF FF ,,,
03 00 0A 07 6A 81 FF FF 2C 0F 1D 03 1F 07 6A FF ,,,
14 13 1F 07 6A E2 FF FF ,,,
Time Stamp,Average Speed,Standard Deviation,Average Direction
7/10/2006 0:00,4.2,2.73,225
7/10/2006 0:10,4.3,2.46,225
7/10/2006 0:20,3.2,2.35,225
7/10/2006 0:30,5.8,1.82,248
7/10/2006 0:40,6.1,2.03,270
7/10/2006 0:50,6.8,1.5,225
7/10/2006 1:00,7,2.83,225
7/10/2006 1:10,4.1,2.35,248
7/10/2006 1:20,7,2.25,225
7/10/2006 1:30,5.6,2.51,248
7/10/2006 1:40,7.2,1.92,248
7/10/2006 1:50,8.7,1.07,270
7/10/2006 2:00,9.1,1.07,270
7/10/2006 2:10,8.1,1.39,270
7/10/2006 2:20,7.8,1.71,270
7/10/2006 2:30,9,1.55,270
7/10/2006 2:40,8.2,1.28,270
7/10/2006 2:50,7.4,1.28,270
7/10/2006 3:00,7,1.18,270
7/10/2006 3:10,7,0.96,248
7/10/2006 3:20,8.1,0.86,248
7/10/2006 3:30,6.8,1.12,248
7/10/2006 3:40,5.9,1.07,248
7/10/2006 3:50,6,0.86,248
7/10/2006 4:00,6,0.91,248
7/10/2006 4:10,6.2,0.8,248
7/10/2006 4:20,5,0.8,248
7/10/2006 4:30,4.5,1.07,248
7/10/2006 4:40,5.3,0.91,248
7/10/2006 4:50,4.3,0.8,225
7/10/2006 5:00,4,0.91,225
7/10/2006 5:10,3.7,0.8,203
7/10/2006 5:20,3,0.8,203
7/10/2006 5:30,5.5,1.18,203
7/10/2006 5:40,5.5,1.02,203
7/10/2006 5:50,6.6,0.91,225
7/10/2006 6:00,5.6,0.91,225
7/10/2006 6:10,5.4,0.8,225
7/10/2006 6:20,5.5,1.07,225
7/10/2006 6:30,6.2,1.12,225
7/10/2006 6:40,7.5,0.96,225
7/10/2006 6:50,7.2,1.02,225
7/10/2006 7:00,8.4,0.8,225
7/10/2006 7:10,7.9,0.86,225
7/10/2006 7:20,7.5,0.64,225
7/10/2006 7:30,6.9,0.48,225
7/10/2006 7:40,5.9,0.53,225
7/10/2006 7:50,6,0.48,225
7/10/2006 8:00,6.4,0.43,225
7/10/2006 8:10,6.6,0.43,225
7/10/2006 8:20,7,0.48,225
7/10/2006 8:30,6.1,0.48,225
7/10/2006 8:40,6.6,0.48,225
7/10/2006 8:50,7.6,0.53,225
7/10/2006 9:00,8.4,0.48,248
7/10/2006 9:10,7.8,0.48,248
7/10/2006 9:20,7.7,0.53,248
7/10/2006 9:30,11.3,1.5,270
7/10/2006 9:40,9.2,1.23,293
7/10/2006 9:50,7.2,1.07,293
7/10/2006 10:00,5.8,0.86,293
7/10/2006 10:10,7.9,1.23,315
7/10/2006 10:20,9.7,1.28,315
7/10/2006 10:30,10.6,1.44,293
7/10/2006 10:40,10.9,1.18,293
7/10/2006 10:50,9.4,1.18,293
7/10/2006 11:00,8.8,1.18,293
7/10/2006 11:10,7,1.07,293
7/10/2006 11:20,6.9,1.07,293
7/10/2006 11:30,6.2,0.75,293
7/10/2006 11:40,5.9,0.91,293
7/10/2006 11:50,5.1,0.86,293
7/10/2006 12:00,5.3,0.48,293
7/10/2006 12:10,5,0.53,293
7/10/2006 12:20,5,0.59,293
7/10/2006 12:30,3.6,1.12,270
7/10/2006 12:40,1.6,0.7,270
7/10/2006 12:50,2.7,0.53,270
7/10/2006 13:00,3.9,0.48,270
7/10/2006 13:10,3.3,0.53,293
7/10/2006 13:20,4.6,0.59,293
7/10/2006 13:30,6.4,0.86,293
7/10/2006 13:40,5.4,0.75,293
7/10/2006 13:50,3.6,1.5,293
7/10/2006 14:00,0,0.05,293
7/10/2006 14:10,1.4,0.91,293
7/10/2006 14:20,4.7,0.7,293
7/10/2006 14:30,6.1,0.75,293
7/10/2006 14:40,5.3,1.44,293
7/10/2006 14:50,3.1,0.75,270
7/10/2006 15:00,0.8,0.21,270
7/10/2006 15:10,1.3,0.91,270
7/10/2006 15:20,2.7,1.34,270
7/10/2006 15:30,3.8,0.91,270
7/10/2006 15:40,4.4,1.18,270
7/10/2006 15:50,5.7,0.7,270
7/10/2006 16:00,5.9,0.64,270
7/10/2006 16:10,6.4,0.64,270
7/10/2006 16:20,7.1,0.96,270
7/10/2006 16:30,6.3,0.75,270
7/10/2006 16:40,6.7,0.8,248
7/10/2006 16:50,6.1,0.59,248
7/10/2006 17:00,5.8,0.75,270
7/10/2006 17:10,3.7,0.59,270
7/10/2006 17:20,6.1,0.96,248
7/10/2006 17:30,5,0.8,225
7/10/2006 17:40,4.6,0.75,225
7/10/2006 17:50,3.6,1.55,225
7/10/2006 18:00,4.9,0.7,225
7/10/2006 18:10,3.4,0.91,225
7/10/2006 18:20,3.5,0.96,225
7/10/2006 18:30,3.9,0.75,225
7/10/2006 18:40,4,1.02,225
7/10/2006 18:50,4.2,0.8,225
7/10/2006 19:00,3.1,0.91,203
7/10/2006 19:10,3.5,0.8,203
7/10/2006 19:20,4.2,0.86,225
7/10/2006 19:30,6.2,1.23,225
7/10/2006 19:40,6.6,0.96,225
7/10/2006 19:50,6.5,0.91,225
7/10/2006 20:00,6.6,1.12,203
7/10/2006 20:10,6,1.02,203
7/10/2006 20:20,6.6,1.12,203
7/10/2006 20:30,5.8,1.87,203
7/10/2006 20:40,7.9,1.92,203
7/10/2006 20:50,7.7,1.12,225
7/10/2006 21:00,7.8,1.39,203
7/10/2006 21:10,9,1.34,225
7/10/2006 21:20,10,1.87,225
7/10/2006 21:30,12.2,1.87,225
7/10/2006 21:40,10.2,1.44,225
7/10/2006 21:50,10.9,1.71,248
7/10/2006 22:00,9.5,1.82,225
7/10/2006 22:10,9.1,1.98,248
7/10/2006 22:20,9.7,1.98,225
7/10/2006 22:30,10.5,1.5,248
7/10/2006 22:40,10.1,1.71,248
7/10/2006 22:50,10.2,1.5,248
7/10/2006 23:00,10.8,1.44,248
7/10/2006 23:10,8.6,1.39,248
7/10/2006 23:20,10.5,1.66,248
7/10/2006 23:30,9.4,1.76,248
7/10/2006 23:40,10,1.55,248
7/10/2006 23:50,9.3,1.66,225
7/11/2006 0:00,9.7,2.14,248
7/11/2006 0:10,11.4,1.76,248
7/11/2006 0:20,9.7,1.98,248
7/11/2006 0:30,11.3,2.3,225
7/11/2006 0:40,11.6,2.19,248
7/11/2006 0:50,11.1,1.71,248
7/11/2006 1:00,9.8,2.57,225
7/11/2006 1:10,9.8,1.5,248
7/11/2006 1:20,10,1.92,248
7/11/2006 1:30,9.7,1.98,248
7/11/2006 1:40,8.5,2.19,248
7/11/2006 1:50,9.2,2.78,248
7/11/2006 2:00,9.9,2.19,225
7/11/2006 2:10,9.4,1.44,248
7/11/2006 2:20,8.1,1.98,248
7/11/2006 2:30,7.5,1.6,248
7/11/2006 2:40,7.6,2.19,270
7/11/2006 2:50,5.5,2.19,225
7/11/2006 3:00,6.4,2.83,248
7/11/2006 3:10,7.8,1.98,248
7/11/2006 3:20,6.9,2.03,248
7/11/2006 3:30,6.3,1.82,248
7/11/2006 3:40,7.3,1.76,248
7/11/2006 3:50,7.6,1.71,270
7/11/2006 4:00,5.3,2.35,248
7/11/2006 4:10,5.9,2.3,225
7/11/2006 4:20,4.5,1.34,248
7/11/2006 4:30,7.6,1.55,248
7/11/2006 4:40,5.2,1.66,225
7/11/2006 4:50,5.8,1.6,225
7/11/2006 5:00,7.8,1.28,248
7/11/2006 5:10,6,1.5,248
7/11/2006 5:20,3,1.34,248
7/11/2006 5:30,2.8,1.55,225
7/11/2006 5:40,6.9,0.8,248
7/11/2006 5:50,6.3,1.02,248
7/11/2006 6:00,3.8,1.02,225
7/11/2006 6:10,3.5,0.91,203
7/11/2006 6:20,4.3,1.55,225
7/11/2006 6:30,6.9,0.86,270
7/11/2006 6:40,5.7,1.12,270
7/11/2006 6:50,4.7,0.7,270
7/11/2006 7:00,3.9,1.02,248
7/11/2006 7:10,3.3,0.75,270
7/11/2006 7:20,3.1,0.53,270
7/11/2006 7:30,4,0.75,270
7/11/2006 7:40,4.4,0.64,270
7/11/2006 7:50,3.9,0.48,270
7/11/2006 8:00,3,0.7,270
7/11/2006 8:10,2.3,0.48,293
7/11/2006 8:20,0,0.05,293
7/11/2006 8:30,0,0,293
7/11/2006 8:40,2.2,0.86,293
7/11/2006 8:50,3.5,0.37,293
7/11/2006 9:00,2.3,0.43,293
7/11/2006 9:10,1.2,0.43,293
7/11/2006 9:20,1.7,0.37,270
7/11/2006 9:30,2.1,0.43,270
7/11/2006 9:40,1.4,0.53,248
7/11/2006 9:50,2.2,0.43,248
7/11/2006 10:00,3.2,0.43,248
7/11/2006 10:10,3.6,0.64,248
7/11/2006 10:20,4.7,0.43,248
7/11/2006 10:30,7.9,0.96,248
7/11/2006 10:40,8.1,0.64,270
7/11/2006 10:50,7.8,0.7,270
7/11/2006 11:00,8.7,0.8,270
7/11/2006 11:10,9.2,1.02,270
7/11/2006 11:20,9.6,0.8,270
7/11/2006 11:30,9.5,0.75,270
7/11/2006 11:40,9.4,0.59,270
7/11/2006 11:50,9.7,0.75,270
7/11/2006 12:00,10.2,0.75,270
7/11/2006 12:10,9.6,0.75,270
7/11/2006 12:20,10.4,0.7,270
7/11/2006 12:30,10.2,0.7,270
7/11/2006 12:40,10.4,0.75,270
7/11/2006 12:50,10.5,0.75,270
7/11/2006 13:00,10.3,0.8,270
7/11/2006 13:10,9.9,0.64,270
7/11/2006 13:20,10.1,0.8,270
7/11/2006 13:30,9.9,0.64,270
7/11/2006 13:40,9.2,0.59,270
7/11/2006 13:50,9.7,0.75,270
7/11/2006 14:00,10.9,0.59,270
7/11/2006 14:10,11.2,0.7,270
7/11/2006 14:20,10.1,0.75,270
7/11/2006 14:30,10.7,0.8,270
7/11/2006 14:40,10.6,0.8,270
7/11/2006 14:50,11.3,0.86,270
7/11/2006 15:00,10.9,1.18,270
7/11/2006 15:10,9.6,0.8,270
7/11/2006 15:20,8.6,0.96,270
7/11/2006 15:30,8.1,0.7,270
7/11/2006 15:40,8,0.8,270
7/11/2006 15:50,9.5,0.59,270
7/11/2006 16:00,8.3,0.53,270
7/11/2006 16:10,8,0.59,270
7/11/2006 16:20,7.8,0.53,270
7/11/2006 16:30,8.3,0.86,270
7/11/2006 16:40,8.7,0.75,270
7/11/2006 16:50,10.4,0.59,270
7/11/2006 17:00,10.2,0.75,270
7/11/2006 17:10,9.7,0.59,270
7/11/2006 17:20,9.2,0.59,270
7/11/2006 17:30,9.5,0.59,270
7/11/2006 17:40,9.9,0.8,270
7/11/2006 17:50,8.3,0.96,270
7/11/2006 18:00,8.6,1.07,270
7/11/2006 18:10,9.6,1.39,270
7/11/2006 18:20,9.8,1.18,270
7/11/2006 18:30,10,1.44,270
7/11/2006 18:40,10.5,1.23,270
7/11/2006 18:50,12,1.12,293
7/11/2006 19:00,11.1,1.23,293
7/11/2006 19:10,9.4,1.23,293
7/11/2006 19:20,10.5,1.18,293
7/11/2006 19:30,10.6,1.39,293
7/11/2006 19:40,11.2,1.23,293
7/11/2006 19:50,10.6,1.12,293
7/11/2006 20:00,10.7,0.96,293
7/11/2006 20:10,10.8,1.28,270
7/11/2006 20:20,10,1.23,270
7/11/2006 20:30,9.1,0.91,293
7/11/2006 20:40,10,1.18,293
7/11/2006 20:50,9.6,1.07,293
7/11/2006 21:00,10.4,1.66,293
7/11/2006 21:10,9.5,1.18,293
7/11/2006 21:20,9.4,1.12,270
7/11/2006 21:30,8.9,1.44,270
7/11/2006 21:40,8.9,1.34,270
7/11/2006 21:50,8.2,1.28,293
7/11/2006 22:00,6.7,1.07,293
7/11/2006 22:10,6.3,1.28,270
7/11/2006 22:20,10,1.76,270
7/11/2006 22:30,8.7,1.44,270
7/11/2006 22:40,7.8,2.19,270
7/11/2006 22:50,5.4,1.92,293
7/11/2006 23:00,7.1,2.09,293
7/11/2006 23:10,7.6,2.09,270
7/11/2006 23:20,7.9,2.14,270
7/11/2006 23:30,7.9,2.09,270
7/11/2006 23:40,6.7,3.15,293
7/11/2006 23:50,7.9,2.14,293
7/12/2006 0:00,8.7,2.35,293
7/12/2006 0:10,8.5,2.41,293
7/12/2006 0:20,8.5,2.19,270
7/12/2006 0:30,7.9,2.94,293
7/12/2006 0:40,8.9,2.46,270
7/12/2006 0:50,9.5,2.46,293
7/12/2006 1:00,8.6,2.09,270
7/12/2006 1:10,8.4,1.6,270
7/12/2006 1:20,8.5,2.25,270
7/12/2006 1:30,9.1,2.78,270
7/12/2006 1:40,9.7,2.03,270
7/12/2006 1:50,10.1,1.76,270
7/12/2006 2:00,9.2,2.14,293
7/12/2006 2:10,9.9,2.09,293
7/12/2006 2:20,10.1,1.98,293
7/12/2006 2:30,10.3,2.03,293
7/12/2006 2:40,9.3,2.78,293
7/12/2006 2:50,10.9,3.26,270
7/12/2006 3:00,9.8,2.62,270
7/12/2006 3:10,9.2,1.98,270
7/12/2006 3:20,9.1,1.87,293
7/12/2006 3:30,8.6,2.62,293
7/12/2006 3:40,9,2.73,293
7/12/2006 3:50,8.4,1.87,315
7/12/2006 4:00,10.9,1.87,270
7/12/2006 4:10,10.9,2.46,293
7/12/2006 4:20,11.5,1.66,270
7/12/2006 4:30,11.7,1.66,270
7/12/2006 4:40,9.5,1.92,270
7/12/2006 4:50,11.5,1.92,293
7/12/2006 5:00,11,1.76,270
7/12/2006 5:10,11,1.82,270
7/12/2006 5:20,12.3,1.66,270
7/12/2006 5:30,12.2,1.66,270
7/12/2006 5:40,11.2,1.18,270
7/12/2006 5:50,12.2,1.34,270
7/12/2006 6:00,12.2,2.3,270
7/12/2006 6:10,12.6,2.3,270
7/12/2006 6:20,12.4,1.82,270
7/12/2006 6:30,11.5,1.55,270
7/12/2006 6:40,10.6,1.55,270
7/12/2006 6:50,11,1.71,293
7/12/2006 7:00,11.5,1.55,293
7/12/2006 7:10,10.6,1.34,293
7/12/2006 7:20,10.4,1.66,293
7/12/2006 7:30,8.8,1.28,293
7/12/2006 7:40,9.3,1.28,293
7/12/2006 7:50,9.5,1.5,270
7/12/2006 8:00,10.6,1.23,293
7/12/2006 8:10,11,1.34,270
7/12/2006 8:20,12.2,1.5,270
7/12/2006 8:30,12,1.44,270
7/12/2006 8:40,13.1,1.44,293
7/12/2006 8:50,11.4,1.71,293
7/12/2006 9:00,12.2,1.66,293
7/12/2006 9:10,12.4,1.76,293
7/12/2006 9:20,12.4,1.39,293
7/12/2006 9:30,11.7,1.55,293
7/12/2006 9:40,12.5,1.28,293
7/12/2006 9:50,12.7,1.5,293
7/12/2006 10:00,12,1.5,293
7/12/2006 10:10,12.1,1.39,293
7/12/2006 10:20,12.7,1.44,293
7/12/2006 10:30,12.1,1.44,293
7/12/2006 10:40,12.7,1.44,293
7/12/2006 10:50,12.8,1.55,293
7/12/2006 11:00,13.2,1.55,293
7/12/2006 11:10,13.2,1.66,293
7/12/2006 11:20,13.9,1.66,293
7/12/2006 11:30,13.4,1.5,293
7/12/2006 11:40,13.5,1.76,293
7/12/2006 11:50,12.4,1.66,293
7/12/2006 12:00,13.5,1.55,293
7/12/2006 12:10,13,1.71,293
7/12/2006 12:20,12.8,1.5,293
7/12/2006 12:30,12.3,1.5,293
7/12/2006 12:40,11.7,1.5,293
7/12/2006 12:50,11.5,1.44,293
7/12/2006 13:00,12,1.5,293
7/12/2006 13:10,12.1,1.5,293
7/12/2006 13:20,13.2,1.6,293
7/12/2006 13:30,13,1.55,293
7/12/2006 13:40,11.8,1.55,293
7/12/2006 13:50,11.2,1.6,293
7/12/2006 14:00,11.9,1.66,293
7/12/2006 14:10,11.7,1.44,293
7/12/2006 14:20,1.2,2.19,293
7/12/2006 14:30,0,0,293
7/12/2006 14:40,8.2,5.03,293
7/12/2006 14:50,11.5,1.39,293
7/12/2006 15:00,13.2,1.6,293
7/12/2006 15:10,13,1.5,293
7/12/2006 15:20,12.7,1.76,293
7/12/2006 15:30,12.3,1.5,293
7/12/2006 15:40,13.3,1.18,293
7/12/2006 15:50,13.4,1.39,293
7/12/2006 16:00,12,1.66,293
7/12/2006 16:10,11.6,1.5,293
7/12/2006 16:20,11.3,1.34,293
7/12/2006 16:30,11.2,1.28,293
7/12/2006 16:40,12.2,1.5,293
7/12/2006 16:50,13.3,1.6,293
7/12/2006 17:00,13.3,1.6,293
7/12/2006 17:10,13.2,1.66,293
7/12/2006 17:20,13.6,1.5,293
7/12/2006 17:30,13.8,1.55,293
7/12/2006 17:40,14,1.55,293
7/12/2006 17:50,14.3,1.71,293
7/12/2006 18:00,13.7,1.66,293
7/12/2006 18:10,13.2,1.6,293
7/12/2006 18:20,13.3,1.76,293
7/12/2006 18:30,14.1,1.87,293
7/12/2006 18:40,14.2,2.19,315
7/12/2006 18:50,13.8,1.87,315
7/12/2006 19:00,14,2.25,293
7/12/2006 19:10,14.4,2.19,315
7/12/2006 19:20,12.9,2.25,315
7/12/2006 19:30,13.6,2.14,293
7/12/2006 19:40,13.5,2.3,315
7/12/2006 19:50,13.5,2.35,315
7/12/2006 20:00,15.9,2.03,315
7/12/2006 20:10,14.9,2.03,315
7/12/2006 20:20,12.8,1.76,315
7/12/2006 20:30,12.8,2.03,315
7/12/2006 20:40,13.7,2.09,315
7/12/2006 20:50,14,2.25,315
7/12/2006 21:00,14.3,2.46,293
7/12/2006 21:10,13.8,2.14,293
7/12/2006 21:20,15.6,2.3,293
7/12/2006 21:30,16.1,2.25,293
7/12/2006 21:40,17.2,2.19,293
7/12/2006 21:50,17.5,2.57,293
7/12/2006 22:00,14.7,2.73,293
7/12/2006 22:10,15.1,2.14,315
7/12/2006 22:20,15.3,1.66,315
7/12/2006 22:30,13.3,2.51,315
7/12/2006 22:40,16.7,2.3,315
7/12/2006 22:50,15.6,3.05,315
7/12/2006 23:00,14,2.19,315
7/12/2006 23:10,12.9,2.19,315
7/12/2006 23:20,12.7,2.09,338
7/12/2006 23:30,12.2,2.51,338
7/12/2006 23:40,11.7,1.66,338
7/12/2006 23:50,12.1,2.62,23
7/13/2006 0:00,12.1,1.82,23
7/13/2006 0:10,11.7,2.3,338
7/13/2006 0:20,12.1,1.76,338
7/13/2006 0:30,15.2,3.69,315
7/13/2006 0:40,15.3,3.74,293
7/13/2006 0:50,11.2,1.87,293
7/13/2006 1:00,8.2,1.39,315
7/13/2006 1:10,9.3,1.23,315
7/13/2006 1:20,9.4,1.5,315
7/13/2006 1:30,8.6,1.6,315
7/13/2006 1:40,10,1.5,293
7/13/2006 1:50,11.8,1.44,270
7/13/2006 2:00,13.3,1.5,293
7/13/2006 2:10,13.5,1.92,293
7/13/2006 2:20,12.4,1.82,315
7/13/2006 2:30,15.3,2.25,338
7/13/2006 2:40,13.8,2.35,338
7/13/2006 2:50,14.2,2.51,338
7/13/2006 3:00,11.7,1.18,338
7/13/2006 3:10,9.5,1.39,338
7/13/2006 3:20,10.8,1.82,338
7/13/2006 3:30,12.8,1.82,338
7/13/2006 3:40,13.1,2.09,338
7/13/2006 3:50,11.4,1.55,315
7/13/2006 4:00,11.6,1.34,315
7/13/2006 4:10,9.6,1.55,338
7/13/2006 4:20,8.9,1.34,0
7/13/2006 4:30,7.8,1.07,0
7/13/2006 4:40,6.9,1.18,0
7/13/2006 4:50,4.3,1.76,45
7/13/2006 5:00,3.1,1.02,23
7/13/2006 5:10,3.2,1.07,338
7/13/2006 5:20,3.8,1.23,338
7/13/2006 5:30,2.2,1.28,338
7/13/2006 5:40,3.7,1.92,293
7/13/2006 5:50,5.6,0.8,270
7/13/2006 6:00,6.4,0.91,270
7/13/2006 6:10,6.1,1.34,270
7/13/2006 6:20,5.9,0.75,293
7/13/2006 6:30,5.8,0.75,293
7/13/2006 6:40,9.1,1.76,293
7/13/2006 6:50,12.2,1.34,293
7/13/2006 7:00,9.2,1.98,293
7/13/2006 7:10,10.9,1.23,315
7/13/2006 7:20,12.9,1.76,315
7/13/2006 7:30,12,1.34,315
7/13/2006 7:40,11.7,1.39,315
7/13/2006 7:50,12,1.55,315
7/13/2006 8:00,11.9,1.5,315
7/13/2006 8:10,13.1,1.76,315
7/13/2006 8:20,11.3,1.34,315
7/13/2006 8:30,11.5,1.5,315
7/13/2006 8:40,11.2,1.12,315
7/13/2006 8:50,10.1,1.18,315
7/13/2006 9:00,10,1.23,315
7/13/2006 9:10,11.4,1.23,315
7/13/2006 9:20,12.8,1.44,315
7/13/2006 9:30,14.1,1.87,315
7/13/2006 9:40,12.2,1.55,315
7/13/2006 9:50,12.5,1.34,315
7/13/2006 10:00,13.1,1.98,338
7/13/2006 10:10,14.4,13.63,338
7/13/2006 10:20,14,1.5,315
7/13/2006 10:30,11.9,1.44,315
7/13/2006 10:40,11.8,1.5,338
7/13/2006 10:50,10.9,1.55,338
7/13/2006 11:00,13,1.23,338
7/13/2006 11:10,11.3,1.5,338
7/13/2006 11:20,11.7,1.34,0
7/13/2006 11:30,10.7,1.66,338
7/13/2006 11:40,12.5,1.44,338
7/13/2006 11:50,11.7,1.44,338
7/13/2006 12:00,11.2,1.76,338
7/13/2006 12:10,8.1,1.18,315
7/13/2006 12:20,9,1.12,315
7/13/2006 12:30,5.2,1.28,293
7/13/2006 12:40,4.4,1.18,293
7/13/2006 12:50,6.3,2.3,248
7/13/2006 13:00,5.5,0.91,315
7/13/2006 13:10,3.3,0.53,270
7/13/2006 13:20,4.1,1.02,315
7/13/2006 13:30,6.2,0.91,315
7/13/2006 13:40,5.6,0.96,315
7/13/2006 13:50,8.1,0.7,338
7/13/2006 14:00,7.6,0.8,315
7/13/2006 14:10,10.4,2.41,315
7/13/2006 14:20,8.5,1.12,315
7/13/2006 14:30,7.5,0.96,293
7/13/2006 14:40,4.7,1.28,338
7/13/2006 14:50,5.3,0.86,270
7/13/2006 15:00,5.3,1.6,293
7/13/2006 15:10,7.4,1.82,315
7/13/2006 15:20,9.5,0.86,315
7/13/2006 15:30,9.7,1.76,315
7/13/2006 15:40,11.2,1.5,338
7/13/2006 15:50,9.8,1.07,338
7/13/2006 16:00,11,1.02,338
7/13/2006 16:10,11,1.07,338
7/13/2006 16:20,7.7,1.12,338
7/13/2006 16:30,8.1,1.12,338
7/13/2006 16:40,7.5,1.5,315
7/13/2006 16:50,9.8,1.6,338
7/13/2006 17:00,8.6,0.96,0
7/13/2006 17:10,9.4,0.91,0
7/13/2006 17:20,8.7,0.96,23
7/13/2006 17:30,9.8,0.91,23
7/13/2006 17:40,9.9,1.07,23
7/13/2006 17:50,9.3,0.91,23
7/13/2006 18:00,7.5,1.02,23
7/13/2006 18:10,7.1,1.02,23
7/13/2006 18:20,6.9,1.02,45
7/13/2006 18:30,8.1,0.91,45
7/13/2006 18:40,7,0.91,45
7/13/2006 18:50,7.4,0.91,45
7/13/2006 19:00,7.4,1.02,45
7/13/2006 19:10,5.9,0.91,68
7/13/2006 19:20,6.8,0.86,68
7/13/2006 19:30,6.3,1.18,90
7/13/2006 19:40,7,1.02,90
7/13/2006 19:50,7.1,1.07,90
7/13/2006 20:00,8.7,1.23,90
7/13/2006 20:10,8.8,1.28,90
7/13/2006 20:20,9.3,1.66,113
7/13/2006 20:30,9,1.18,113
7/13/2006 20:40,9.3,2.25,113
7/13/2006 20:50,9.9,1.5,113
7/13/2006 21:00,12.3,1.66,113
7/13/2006 21:10,12.2,1.5,113
7/13/2006 21:20,11.6,1.5,113
7/13/2006 21:30,11.9,1.82,113
7/13/2006 21:40,11.6,1.82,113
7/13/2006 21:50,11.7,1.28,113
7/13/2006 22:00,12,1.66,113
7/13/2006 22:10,11,1.98,113
7/13/2006 22:20,12.8,1.71,113
7/13/2006 22:30,13.8,1.55,113
7/13/2006 22:40,11.8,1.6,113
7/13/2006 22:50,12.4,2.41,113
7/13/2006 23:00,12.4,2.09,113
7/13/2006 23:10,12.1,2.09,135
7/13/2006 23:20,14.7,2.14,113
7/13/2006 23:30,15.4,2.09,135
7/13/2006 23:40,15.3,1.82,113
7/13/2006 23:50,16.8,3.1,135
7/14/2006 0:00,19,2.14,135
7/14/2006 0:10,19.8,2.83,135
7/14/2006 0:20,16.7,2.73,135
7/14/2006 0:30,17.4,3.05,135
7/14/2006 0:40,15.8,2.99,135
7/14/2006 0:50,17.7,2.41,135
7/14/2006 1:00,14.6,2.94,135
7/14/2006 1:10,15.8,2.03,113
7/14/2006 1:20,15.2,2.83,135
7/14/2006 1:30,14.5,3.26,158
7/14/2006 1:40,16.8,2.46,158
7/14/2006 1:50,15,2.51,158
7/14/2006 2:00,13.2,3.48,180
7/14/2006 2:10,14.2,2.67,158
7/14/2006 2:20,13.1,3.42,158
7/14/2006 2:30,12.5,1.92,180
7/14/2006 2:40,11.8,1.92,158
7/14/2006 2:50,10,1.6,180
7/14/2006 3:00,10.6,2.03,158
7/14/2006 3:10,11.4,3.74,158
7/14/2006 3:20,10.5,2.41,180
7/14/2006 3:30,7.7,2.09,158
7/14/2006 3:40,9.5,2.35,180
7/14/2006 3:50,10.7,2.46,158
7/14/2006 4:00,7.3,1.92,180
7/14/2006 4:10,7.1,1.5,203
7/14/2006 4:20,6.3,1.5,180
7/14/2006 4:30,7.9,2.09,158
7/14/2006 4:40,6.5,1.71,180
7/14/2006 4:50,6.1,1.39,203
7/14/2006 5:00,5.8,1.02,203
7/14/2006 5:10,5.2,1.28,203
7/14/2006 5:20,4.4,1.12,203
7/14/2006 5:30,3.8,0.8,203
7/14/2006 5:40,3.2,0.86,203
7/14/2006 5:50,3.4,1.12,225
7/14/2006 6:00,4.7,0.59,225
7/14/2006 6:10,4.5,0.64,248
7/14/2006 6:20,5.8,0.86,248
7/14/2006 6:30,6.4,0.7,270
7/14/2006 6:40,5.9,0.96,270
7/14/2006 6:50,6.3,1.02,293
7/14/2006 7:00,5.3,0.91,293
7/14/2006 7:10,9.5,1.5,293
7/14/2006 7:20,9.2,1.07,315
7/14/2006 7:30,9.4,1.34,315
7/14/2006 7:40,9.8,1.12,315
7/14/2006 7:50,9.8,1.23,315
7/14/2006 8:00,9.5,1.18,315
7/14/2006 8:10,9.7,1.28,315
7/14/2006 8:20,10.5,1.28,315
7/14/2006 8:30,10.7,1.18,315
7/14/2006 8:40,10.6,1.18,315
7/14/2006 8:50,10.7,1.18,315
7/14/2006 9:00,11.3,1.28,315
7/14/2006 9:10,11.3,1.44,315
7/14/2006 9:20,11.2,1.6,315
7/14/2006 9:30,11.9,1.23,315
7/14/2006 9:40,11.9,1.39,315
7/14/2006 9:50,12.7,1.28,315
7/14/2006 10:00,12.5,1.55,315
7/14/2006 10:10,12.2,1.34,315
7/14/2006 10:20,12,1.12,315
7/14/2006 10:30,11.7,1.18,315
7/14/2006 10:40,11.8,1.12,315
7/14/2006 10:50,12.5,1.12,315
7/14/2006 11:00,12,1.18,315
7/14/2006 11:10,12.7,1.34,315
7/14/2006 11:20,12.8,1.23,315
7/14/2006 11:30,12.8,1.39,315
7/14/2006 11:40,13.1,1.44,315
7/14/2006 11:50,13.6,1.66,338
7/14/2006 12:00,14.8,1.92,315
7/14/2006 12:10,15,1.6,315
7/14/2006 12:20,16.6,1.71,338
7/14/2006 12:30,17.6,1.87,338
7/14/2006 12:40,16.5,1.87,338
7/14/2006 12:50,15.3,2.09,338
7/14/2006 13:00,14.1,1.66,338
7/14/2006 13:10,13.5,1.66,338
7/14/2006 13:20,13.8,1.55,338
7/14/2006 13:30,12.9,1.5,338
7/14/2006 13:40,14.5,1.66,338
7/14/2006 13:50,14.1,1.71,338
7/14/2006 14:00,13.3,1.5,338
7/14/2006 14:10,13.2,1.66,338
7/14/2006 14:20,13.9,1.5,0
7/14/2006 14:30,14.5,1.76,0
7/14/2006 14:40,12,1.44,0
7/14/2006 14:50,11.4,1.39,0
7/14/2006 15:00,11.2,1.39,0
7/14/2006 15:10,12.3,1.28,0
7/14/2006 15:20,12.4,1.39,0
7/14/2006 15:30,13,1.5,0
7/14/2006 15:40,13.5,1.44,0
7/14/2006 15:50,14.4,13.63,0
7/14/2006 16:00,14.1,1.55,0
7/14/2006 16:10,14.4,1.5,338
7/14/2006 16:20,13.3,1.55,338
7/14/2006 16:30,14,1.71,0
7/14/2006 16:40,13.6,1.6,0
7/14/2006 16:50,13.6,1.44,0
7/14/2006 17:00,13.9,1.6,0
7/14/2006 17:10,12.8,1.6,0
7/14/2006 17:20,12.6,1.6,0
7/14/2006 17:30,12.8,1.44,0
7/14/2006 17:40,14,1.55,0
7/14/2006 17:50,14,1.55,0
7/14/2006 18:00,13.7,1.92,0
7/14/2006 18:10,14.4,1.66,0
7/14/2006 18:20,13.5,1.76,0
7/14/2006 18:30,13.7,1.71,0
7/14/2006 18:40,14.7,1.55,338
7/14/2006 18:50,14.6,1.6,338
7/14/2006 19:00,13.2,1.6,338
7/14/2006 19:10,13.1,1.82,0
7/14/2006 19:20,13.6,1.71,0
7/14/2006 19:30,14.7,2.3,338
7/14/2006 19:40,13.2,1.92,338
7/14/2006 19:50,12,1.66,0
7/14/2006 20:00,12.1,1.92,0
7/14/2006 20:10,13.7,2.09,0
7/14/2006 20:20,14.4,13.63,338
7/14/2006 20:30,14.2,1.92,338
7/14/2006 20:40,14.7,2.46,0
7/14/2006 20:50,14.9,2.09,0
7/14/2006 21:00,14.7,1.98,338
7/14/2006 21:10,13.8,1.71,338
7/14/2006 21:20,14.4,2.51,338
7/14/2006 21:30,14.7,2.14,338
7/14/2006 21:40,14,2.09,338
7/14/2006 21:50,15.5,2.19,338
7/14/2006 22:00,17.4,2.67,338
7/14/2006 22:10,15.8,2.89,338
7/14/2006 22:20,15.1,2.3,338
7/14/2006 22:30,17.3,2.25,338
7/14/2006 22:40,17.9,2.62,338
7/14/2006 22:50,17.8,2.09,338
7/14/2006 23:00,18.3,2.57,338
7/14/2006 23:10,17,2.57,338
7/14/2006 23:20,19.1,2.78,338
7/14/2006 23:30,20.1,2.67,338
7/14/2006 23:40,20.2,2.25,338
7/14/2006 23:50,19.2,2.73,0
7/15/2006 0:00,19.5,3.58,0
7/15/2006 0:10,22.1,3.21,0
7/15/2006 0:20,20.8,3.05,0
7/15/2006 0:30,19.5,2.94,338
7/15/2006 0:40,19.9,2.62,338
7/15/2006 0:50,20.9,2.73,0
7/15/2006 1:00,19.9,2.41,0
7/15/2006 1:10,20,2.94,0
7/15/2006 1:20,19.6,2.78,0
7/15/2006 1:30,19.3,2.73,0
7/15/2006 1:40,19,2.89,0
7/15/2006 1:50,20.3,2.51,338
7/15/2006 2:00,20.6,3.1,0
7/15/2006 2:10,22,3.26,0
7/15/2006 2:20,23.1,3.32,0
7/15/2006 2:30,20.7,3.69,0
7/15/2006 2:40,21.9,3.48,0
7/15/2006 2:50,22.2,3.05,0
7/15/2006 3:00,22.4,3.15,0
7/15/2006 3:10,21.4,3.05,0
7/15/2006 3:20,21.1,3.37,0
7/15/2006 3:30,22.9,3.48,0
7/15/2006 3:40,21.3,3.42,0
7/15/2006 3:50,22.4,3.26,0
7/15/2006 4:00,19.7,3.21,0
7/15/2006 4:10,21.6,3.48,338
7/15/2006 4:20,24.6,3.53,338
7/15/2006 4:30,20.9,2.57,338
7/15/2006 4:40,19.3,3.21,338
7/15/2006 4:50,22.1,3.05,338
7/15/2006 5:00,19.4,2.99,338
7/15/2006 5:10,18.4,3.74,338
7/15/2006 5:20,18.4,3.26,338
7/15/2006 5:30,16.8,3.1,338
7/15/2006 5:40,16.3,2.25,338
7/15/2006 5:50,18.7,2.78,338
7/15/2006 6:00,18.8,3.32,338
7/15/2006 6:10,17.9,2.99,338
7/15/2006 6:20,17.7,2.41,338
7/15/2006 6:30,18.2,2.57,338
7/15/2006 6:40,16.6,2.41,338
7/15/2006 6:50,18.3,2.67,338
7/15/2006 7:00,18.6,2.51,338
7/15/2006 7:10,16.6,2.78,338
7/15/2006 7:20,17.5,2.83,338
7/15/2006 7:30,17.1,2.46,338
7/15/2006 7:40,16.6,1.92,338
7/15/2006 7:50,16.1,2.03,338
7/15/2006 8:00,15.4,1.92,338
7/15/2006 8:10,14.3,1.98,338
7/15/2006 8:20,13.9,1.92,338
7/15/2006 8:30,14.8,1.92,338
7/15/2006 8:40,15.5,2.19,338
7/15/2006 8:50,16.3,2.14,338
7/15/2006 9:00,16.6,2.3,338
7/15/2006 9:10,17,2.19,338
7/15/2006 9:20,16.4,2.35,338
7/15/2006 9:30,17.2,2.19,338
7/15/2006 9:40,17.4,2.09,338
7/15/2006 9:50,16.4,2.03,338
7/15/2006 10:00,16.9,2.19,338
7/15/2006 10:10,15.7,2.25,338
7/15/2006 10:20,16.6,2.19,338
7/15/2006 10:30,16.4,2.3,315
7/15/2006 10:40,16.9,1.98,315
7/15/2006 10:50,16.1,1.92,315
7/15/2006 11:00,16.1,1.98,338
7/15/2006 11:10,15.5,1.98,338
7/15/2006 11:20,16.3,1.92,338
7/15/2006 11:30,16.4,1.82,338
7/15/2006 11:40,16.8,1.87,338
7/15/2006 11:50,15.9,1.98,338
7/15/2006 12:00,15.4,1.71,338
7/15/2006 12:10,15.8,1.71,338
7/15/2006 12:20,15.2,1.66,338
7/15/2006 12:30,15.6,1.87,338
7/15/2006 12:40,14.8,2.03,338
7/15/2006 12:50,15,1.66,338
7/15/2006 13:00,15.4,1.92,338
7/15/2006 13:10,15.1,1.92,338
7/15/2006 13:20,14.6,1.87,338
7/15/2006 13:30,14.7,1.76,338
7/15/2006 13:40,16.2,1.92,338
7/15/2006 13:50,16.4,2.14,338
7/15/2006 14:00,16.4,2.25,338
7/15/2006 14:10,16,1.98,338
7/15/2006 14:20,15.4,1.98,338
7/15/2006 14:30,15.5,2.35,338
7/15/2006 14:40,16,2.41,338
7/15/2006 14:50,16.8,2.19,338
7/15/2006 15:00,16,1.92,338
7/15/2006 15:10,14.7,2.14,338
7/15/2006 15:20,14.2,2.25,338
7/15/2006 15:30,15.5,1.76,338
7/15/2006 15:40,15,1.87,338
7/15/2006 15:50,15.5,2.03,338
7/15/2006 16:00,14.7,1.76,338
7/15/2006 16:10,14.1,1.87,338
7/15/2006 16:20,15.8,2.19,338
7/15/2006 16:30,16,2.03,338
7/15/2006 16:40,17.4,1.71,338
7/15/2006 16:50,15.8,2.03,338
7/15/2006 17:00,15.4,2.19,338
7/15/2006 17:10,15.8,1.82,338
7/15/2006 17:20,15.6,1.82,338
7/15/2006 17:30,15.5,2.14,338
7/15/2006 17:40,16.2,2.09,338
7/15/2006 17:50,17,2.19,0
7/15/2006 18:00,16.7,1.92,0
7/15/2006 18:10,17.3,2.25,0
7/15/2006 18:20,16.6,2.14,0
7/15/2006 18:30,16.4,2.25,0
7/15/2006 18:40,16.2,2.41,338
7/15/2006 18:50,15.6,2.14,338
7/15/2006 19:00,16,1.98,338
7/15/2006 19:10,16.3,2.19,338
7/15/2006 19:20,15.9,1.92,0
7/15/2006 19:30,16,2.46,0
7/15/2006 19:40,16.3,2.57,0
7/15/2006 19:50,16.4,2.62,0
7/15/2006 20:00,16.1,3.1,0
7/15/2006 20:10,15.4,2.78,0
7/15/2006 20:20,14.4,2.25,0
7/15/2006 20:30,14.8,2.25,0
7/15/2006 20:40,17,2.09,0
7/15/2006 20:50,16.3,2.35,0
7/15/2006 21:00,16.8,2.46,0
7/15/2006 21:10,15.6,2.51,0
7/15/2006 21:20,16.4,1.87,0
7/15/2006 21:30,15.5,2.3,0
7/15/2006 21:40,15.6,2.03,0
7/15/2006 21:50,14.8,1.82,0
7/15/2006 22:00,14.4,1.92,0
7/15/2006 22:10,15.4,2.35,0
7/15/2006 22:20,15.3,1.92,0
7/15/2006 22:30,15.8,2.35,0
7/15/2006 22:40,17.4,1.98,0
7/15/2006 22:50,14.5,2.09,0
7/15/2006 23:00,15.2,1.98,0
7/15/2006 23:10,16.2,2.51,0
7/15/2006 23:20,14.6,1.92,0
7/15/2006 23:30,15.5,2.03,0
7/15/2006 23:40,14.7,2.51,0
7/15/2006 23:50,14.1,2.03,0
7/16/2006 0:00,13.5,2.19,0
7/16/2006 0:10,13.5,1.87,0
7/16/2006 0:20,12.6,1.92,0
7/16/2006 0:30,12,2.14,0
7/16/2006 0:40,12.1,2.35,0
7/16/2006 0:50,12.1,1.98,0
7/16/2006 1:00,11.2,1.92,0
7/16/2006 1:10,8.4,1.39,338
7/16/2006 1:20,9,1.55,315
7/16/2006 1:30,9.4,1.66,315
7/16/2006 1:40,9.5,2.41,338
7/16/2006 1:50,11.2,1.71,338
7/16/2006 2:00,11.2,1.71,315
7/16/2006 2:10,12.8,2.41,315
7/16/2006 2:20,11.4,1.71,315
7/16/2006 2:30,14,2.03,338
7/16/2006 2:40,13.7,2.25,315
7/16/2006 2:50,14.3,1.82,315
7/16/2006 3:00,16.6,2.46,315
7/16/2006 3:10,14.7,2.25,315
7/16/2006 3:20,15.3,2.25,315
7/16/2006 3:30,14.8,1.76,338
7/16/2006 3:40,15.9,2.35,338
7/16/2006 3:50,16.2,2.3,338
7/16/2006 4:00,15.4,2.14,338
7/16/2006 4:10,16.6,2.51,338
7/16/2006 4:20,16.6,2.46,338
7/16/2006 4:30,15.6,2.73,315
7/16/2006 4:40,16.1,2.51,315
7/16/2006 4:50,15.2,2.51,338
7/16/2006 5:00,15.2,2.67,338
7/16/2006 5:10,17.6,2.67,315
7/16/2006 5:20,16.3,2.25,315
7/16/2006 5:30,15.6,2.35,315
7/16/2006 5:40,16.4,2.46,315
7/16/2006 5:50,16.2,2.51,315
7/16/2006 6:00,14.6,2.73,315
7/16/2006 6:10,13.8,2.25,315
7/16/2006 6:20,13.3,2.25,315
7/16/2006 6:30,9.9,1.76,315
7/16/2006 6:40,9,1.55,315
7/16/2006 6:50,10.1,1.5,315
7/16/2006 7:00,11.9,2.19,315
7/16/2006 7:10,12.9,1.71,315
7/16/2006 7:20,13,1.71,315
7/16/2006 7:30,13.5,1.98,315
7/16/2006 7:40,13,1.92,315
7/16/2006 7:50,12.9,1.87,315
7/16/2006 8:00,13.1,1.82,315
7/16/2006 8:10,13.4,1.71,315
7/16/2006 8:20,12.9,1.98,315
7/16/2006 8:30,13.4,1.82,315
7/16/2006 8:40,15.2,2.09,315
7/16/2006 8:50,14.8,1.92,315
7/16/2006 9:00,14.7,2.14,315
7/16/2006 9:10,14.3,1.87,315
7/16/2006 9:20,13.7,2.14,315
7/16/2006 9:30,13.8,2.03,315
7/16/2006 9:40,14.2,2.46,315
7/16/2006 9:50,8.9,2.19,293
7/16/2006 10:00,7.6,1.07,248
7/16/2006 10:10,8.6,0.8,248
7/16/2006 10:20,8.4,0.75,248
7/16/2006 10:30,8.2,1.23,270
7/16/2006 10:40,8.8,1.55,293
7/16/2006 10:50,10.9,1.5,293
7/16/2006 11:00,11.3,1.5,315
7/16/2006 11:10,14.7,1.44,293
7/16/2006 11:20,13.6,1.39,293
7/16/2006 11:30,12.4,1.39,293
7/16/2006 11:40,13.7,2.3,293
7/16/2006 11:50,14.8,1.92,293
7/16/2006 12:00,11.6,1.76,293
7/16/2006 12:10,11.2,1.55,293
7/16/2006 12:20,11.7,1.55,293
7/16/2006 12:30,10.5,1.23,293
7/16/2006 12:40,11.2,1.55,293
7/16/2006 12:50,9.9,1.44,293
7/16/2006 13:00,3.7,2.94,338
7/16/2006 13:10,7,2.09,158
7/16/2006 13:20,8,1.44,225
7/16/2006 13:30,8.7,1.02,225
7/16/2006 13:40,9.4,1.71,203
7/16/2006 13:50,11.1,1.12,248
7/16/2006 14:00,11.6,1.34,270
7/16/2006 14:10,9.3,1.34,270
7/16/2006 14:20,11.1,2.14,248
7/16/2006 14:30,12.8,1.82,270
7/16/2006 14:40,12.3,1.87,293
7/16/2006 14:50,12.7,1.66,293
7/16/2006 15:00,13.3,2.35,293
7/16/2006 15:10,13,1.66,293
7/16/2006 15:20,12.5,1.39,293
7/16/2006 15:30,12.7,1.71,293
7/16/2006 15:40,9.7,2.99,293
7/16/2006 15:50,12.9,2.09,293
7/16/2006 16:00,11.2,1.28,293
7/16/2006 16:10,11.7,1.18,293
7/16/2006 16:20,12.3,1.55,293
7/16/2006 16:30,12.7,1.5,293
7/16/2006 16:40,11.6,1.44,293
7/16/2006 16:50,10.8,2.03,293
7/16/2006 17:00,5.4,1.02,315
7/16/2006 17:10,6.5,1.34,293
7/16/2006 17:20,4.6,1.55,315
7/16/2006 17:30,2,0.96,315
7/16/2006 17:40,1.6,0.91,293
7/16/2006 17:50,2.4,1.28,270
7/16/2006 18:00,3.1,1.18,248
7/16/2006 18:10,4.4,0.86,225
7/16/2006 18:20,7.6,1.87,180
7/16/2006 18:30,9.8,2.14,180
7/16/2006 18:40,8.5,1.71,180
7/16/2006 18:50,8.2,1.34,203
7/16/2006 19:00,6.9,1.23,203
7/16/2006 19:10,5.7,1.5,203
7/16/2006 19:20,5.5,1.18,203
7/16/2006 19:30,7.5,1.12,203
7/16/2006 19:40,11.9,4.17,180
7/16/2006 19:50,20.7,3.69,180
7/16/2006 20:00,19.7,3.15,180
7/16/2006 20:10,17.5,3.05,203
7/16/2006 20:20,17.9,3.26,180
7/16/2006 20:30,18,3.21,180
7/16/2006 20:40,18.9,2.67,203
7/16/2006 20:50,19.2,3.15,180
7/16/2006 21:00,20.4,3.53,180
7/16/2006 21:10,17.7,3.9,180
7/16/2006 21:20,21.9,3.42,180
7/16/2006 21:30,24.6,3.58,180
7/16/2006 21:40,22,3.69,180
7/16/2006 21:50,22.8,2.89,180
7/16/2006 22:00,20.4,3.48,180
7/16/2006 22:10,20.1,3.58,180
7/16/2006 22:20,21.4,3.69,180
7/16/2006 22:30,22.8,2.73,180
7/16/2006 22:40,22.6,3.15,180
7/16/2006 22:50,21.5,3.48,180
7/16/2006 23:00,22.3,3.26,180
7/16/2006 23:10,21.4,3.53,180
7/16/2006 23:20,19.9,4.06,180
7/16/2006 23:30,17,2.51,203
7/16/2006 23:40,20,3.48,180
7/16/2006 23:50,18.9,4.06,180
7/17/2006 0:00,16.8,3.48,180
7/17/2006 0:10,19,2.67,203
7/17/2006 0:20,18.9,3.48,180
7/17/2006 0:30,18.2,2.73,203
7/17/2006 0:40,20.3,3.9,180
7/17/2006 0:50,20.6,3.74,180
7/17/2006 1:00,21.7,3.32,180
7/17/2006 1:10,23.1,2.78,180
7/17/2006 1:20,19,3.8,180
7/17/2006 1:30,16.1,2.94,180
7/17/2006 1:40,18.4,3.9,180
7/17/2006 1:50,17.3,3.1,180
7/17/2006 2:00,16.5,3.15,180
7/17/2006 2:10,16.8,2.94,180
7/17/2006 2:20,16.8,3.15,180
7/17/2006 2:30,14.1,2.89,203
7/17/2006 2:40,15.6,3.1,180
7/17/2006 2:50,16.5,3.64,180
7/17/2006 3:00,13.7,2.57,180
7/17/2006 3:10,12,2.19,180
7/17/2006 3:20,13.8,2.3,203
7/17/2006 3:30,14.4,2.14,180
7/17/2006 3:40,13.9,2.25,203
7/17/2006 3:50,14.3,1.87,203
7/17/2006 4:00,13.7,1.87,225
7/17/2006 4:10,14.9,3.42,225
7/17/2006 4:20,9.4,2.57,203
7/17/2006 4:30,10.5,2.67,180
7/17/2006 4:40,10.5,3.42,180
7/17/2006 4:50,11.1,2.09,180
7/17/2006 5:00,9.4,1.71,180
7/17/2006 5:10,9.1,1.71,203
7/17/2006 5:20,9.3,2.14,203
7/17/2006 5:30,7.4,2.09,203
7/17/2006 5:40,8.7,1.66,203
7/17/2006 5:50,7.6,1.6,203
7/17/2006 6:00,7.4,1.39,203
7/17/2006 6:10,5.6,1.02,203
7/17/2006 6:20,6.3,1.23,203
7/17/2006 6:30,5.9,1.34,203
7/17/2006 6:40,6.9,1.55,203
7/17/2006 6:50,6.2,1.02,203
7/17/2006 7:00,6.1,0.75,203
7/17/2006 7:10,7.4,1.12,203
7/17/2006 7:20,8,0.53,225
7/17/2006 7:30,7.5,0.64,225
7/17/2006 7:40,7.2,0.59,225
7/17/2006 7:50,7.5,0.53,225
7/17/2006 8:00,7.4,0.43,225
7/17/2006 8:10,7.5,0.64,225
7/17/2006 8:20,8.4,0.8,225
7/17/2006 8:30,9.2,0.8,225
7/17/2006 8:40,9.7,0.64,225
7/17/2006 8:50,9.1,0.59,225
7/17/2006 9:00,8.8,0.75,203
7/17/2006 9:10,7.7,0.59,203
7/17/2006 9:20,8.1,0.53,225
7/17/2006 9:30,8.7,0.64,203
7/17/2006 9:40,8.7,0.64,203
7/17/2006 9:50,8.9,0.64,225
7/17/2006 10:00,10.3,0.64,225
7/17/2006 10:10,11.6,0.7,225
7/17/2006 10:20,11.4,0.96,225
7/17/2006 10:30,10.6,1.18,225
7/17/2006 10:40,9.6,0.91,225
7/17/2006 10:50,12.1,0.96,225
7/17/2006 11:00,11.6,1.07,225
7/17/2006 11:10,11.7,0.86,225
7/17/2006 11:20,13.1,0.91,225
7/17/2006 11:30,12.1,1.55,225
7/17/2006 11:40,11.1,0.8,225
7/17/2006 11:50,11,0.75,225
7/17/2006 12:00,11.3,0.86,225
7/17/2006 12:10,11.6,0.86,225
7/17/2006 12:20,11.5,0.91,225
7/17/2006 12:30,11.1,0.86,225
7/17/2006 12:40,12.5,1.02,225
7/17/2006 12:50,9.9,0.96,225
7/17/2006 13:00,9.4,0.75,225
7/17/2006 13:10,9.7,0.64,225
7/17/2006 13:20,10.5,0.75,225
7/17/2006 13:30,11.6,1.07,225
7/17/2006 13:40,11.8,0.75,225
7/17/2006 13:50,9.7,0.8,225
7/17/2006 14:00,8.9,0.53,225
7/17/2006 14:10,9.7,0.59,225
7/17/2006 14:20,10.1,0.53,225
7/17/2006 14:30,10.4,0.7,225
7/17/2006 14:40,9.4,0.59,225
7/17/2006 14:50,9.6,0.59,248
7/17/2006 15:00,11.3,0.7,248
7/17/2006 15:10,11.4,0.59,248
7/17/2006 15:20,12.1,0.86,248
7/17/2006 15:30,13,0.8,248
7/17/2006 15:40,12.2,0.7,248
7/17/2006 15:50,13,0.7,248
7/17/2006 16:00,12.3,0.7,248
7/17/2006 16:10,12.3,0.59,248
7/17/2006 16:20,12.8,0.86,248
7/17/2006 16:30,13,1.12,248
7/17/2006 16:40,13.9,1.12,248
7/17/2006 16:50,14.5,1.07,248
7/17/2006 17:00,14.9,1.23,248
7/17/2006 17:10,13.6,1.39,248
7/17/2006 17:20,14.8,1.28,248
7/17/2006 17:30,13.9,1.44,248
7/17/2006 17:40,14.5,1.44,248
7/17/2006 17:50,14,1.5,270
7/17/2006 18:00,14.3,1.44,270
7/17/2006 18:10,15.3,1.55,270
7/17/2006 18:20,14.1,1.76,270
7/17/2006 18:30,14.4,1.71,270
7/17/2006 18:40,13.2,1.71,270
7/17/2006 18:50,13.8,1.44,270
7/17/2006 19:00,13.3,1.87,270
7/17/2006 19:10,14.3,1.76,270
7/17/2006 19:20,13.1,2.03,270
7/17/2006 19:30,13.5,2.19,270
7/17/2006 19:40,14.1,2.51,270
7/17/2006 19:50,13.8,2.09,293
7/17/2006 20:00,15.8,1.92,270
7/17/2006 20:10,13,1.82,293
7/17/2006 20:20,14.5,2.19,293
7/17/2006 20:30,13.7,2.3,293
7/17/2006 20:40,14.7,1.82,293
7/17/2006 20:50,15.5,1.82,293
7/17/2006 21:00,13.8,2.09,293
7/17/2006 21:10,13.5,2.35,293
7/17/2006 21:20,14.2,2.35,293
7/17/2006 21:30,15,2.14,293
7/17/2006 21:40,13,1.71,293
7/17/2006 21:50,12.3,2.03,293
7/17/2006 22:00,12.2,1.98,293
7/17/2006 22:10,12,2.83,315
7/17/2006 22:20,13.1,2.19,315
7/17/2006 22:30,12.7,2.19,293
7/17/2006 22:40,12.2,2.14,293
7/17/2006 22:50,10.8,1.82,293
7/17/2006 23:00,11.7,1.98,315
7/17/2006 23:10,10.2,2.25,315
7/17/2006 23:20,10.4,1.82,315
7/17/2006 23:30,11.4,1.98,315
7/17/2006 23:40,10.9,1.87,315
7/17/2006 23:50,12.2,1.92,315
7/18/2006 0:00,10.4,2.57,315
7/18/2006 0:10,12.1,2.78,315
7/18/2006 0:20,11.5,2.03,315
7/18/2006 0:30,12.3,2.99,315
7/18/2006 0:40,10.8,1.98,315
7/18/2006 0:50,10.7,2.89,315
7/18/2006 1:00,11.7,2.14,315
7/18/2006 1:10,13.9,2.3,293
7/18/2006 1:20,10.7,1.92,315
7/18/2006 1:30,11.3,2.35,315
7/18/2006 1:40,13.5,1.98,293
7/18/2006 1:50,13.8,2.19,315
7/18/2006 2:00,12,2.41,293
7/18/2006 2:10,10.5,2.62,315
7/18/2006 2:20,12.1,1.98,293
7/18/2006 2:30,13.1,2.41,315
7/18/2006 2:40,12,2.41,293
7/18/2006 2:50,14.1,2.57,293
7/18/2006 3:00,12,2.67,293
7/18/2006 3:10,13.1,2.14,293
7/18/2006 3:20,12,2.19,293
7/18/2006 3:30,12.8,2.57,293
7/18/2006 3:40,13.1,2.35,293
7/18/2006 3:50,12.4,2.25,293
7/18/2006 4:00,13.2,2.25,293
7/18/2006 4:10,13.1,2.51,293
7/18/2006 4:20,13.7,2.09,293
7/18/2006 4:30,12.9,1.71,293
7/18/2006 4:40,12.8,1.98,293
7/18/2006 4:50,15.6,2.51,293
7/18/2006 5:00,13.3,2.3,293
7/18/2006 5:10,14.1,2.14,293
7/18/2006 5:20,13.3,2.3,293
7/18/2006 5:30,14.4,2.51,293
7/18/2006 5:40,12.3,2.09,293
7/18/2006 5:50,11.7,1.92,315
7/18/2006 6:00,12.5,1.98,315
7/18/2006 6:10,12,2.09,315
7/18/2006 6:20,12.7,2.41,315
7/18/2006 6:30,13.2,2.57,315
7/18/2006 6:40,10.9,2.03,315
7/18/2006 6:50,10.1,1.55,315
7/18/2006 7:00,11.6,1.66,315
7/18/2006 7:10,9.6,1.28,293
7/18/2006 7:20,10.8,1.44,293
7/18/2006 7:30,10.9,1.44,293
7/18/2006 7:40,11.2,1.6,293
7/18/2006 7:50,11.2,1.55,293
7/18/2006 8:00,11,1.66,293
7/18/2006 8:10,11.7,1.71,293
7/18/2006 8:20,12.4,1.6,293
7/18/2006 8:30,11.7,1.55,293
7/18/2006 8:40,12.1,1.82,293
7/18/2006 8:50,12.3,1.66,293
7/18/2006 9:00,12.3,1.76,293
7/18/2006 9:10,13.3,1.82,293
7/18/2006 9:20,13.1,1.66,293
7/18/2006 9:30,12.3,1.98,293
7/18/2006 9:40,13.1,1.5,293
7/18/2006 9:50,13.2,1.6,293
7/18/2006 10:00,12.4,1.44,293
7/18/2006 10:10,12,1.55,293
7/18/2006 10:20,13.6,1.6,293
7/18/2006 10:30,14.5,1.87,293
7/18/2006 10:40,14.8,1.55,293
7/18/2006 10:50,13.8,1.92,293
7/18/2006 11:00,14.2,1.76,293
7/18/2006 11:10,14.2,1.82,293
7/18/2006 11:20,14.8,1.71,293
7/18/2006 11:30,15.3,1.66,293
7/18/2006 11:40,15.2,2.3,293
7/18/2006 11:50,15.9,1.98,293
7/18/2006 12:00,16.5,1.98,293
7/18/2006 12:10,16.1,2.09,293
7/18/2006 12:20,16.8,2.03,293
7/18/2006 12:30,15.6,2.09,293
7/18/2006 12:40,16.4,2.09,293
7/18/2006 12:50,16.9,1.98,293
7/18/2006 13:00,17.9,2.19,293
7/18/2006 13:10,16.9,2.09,293
7/18/2006 13:20,16.9,2.62,293
7/18/2006 13:30,16.2,1.82,293
7/18/2006 13:40,16.6,2.03,293
7/18/2006 13:50,17.2,1.82,293
7/18/2006 14:00,15.9,1.76,315
7/18/2006 14:10,15.8,2.19,315
7/18/2006 14:20,16.2,2.19,315
7/18/2006 14:30,15.4,2.14,293
7/18/2006 14:40,14.3,2.14,315
7/18/2006 14:50,14.4,1.82,293
7/18/2006 15:00,14.9,2.03,293
7/18/2006 15:10,14.6,2.19,293
7/18/2006 15:20,14.6,1.76,293
7/18/2006 15:30,14.8,1.87,293
7/18/2006 15:40,14.4,13.63,293
7/18/2006 15:50,14.1,1.92,293
7/18/2006 16:00,15.7,2.14,293
7/18/2006 16:10,16.9,2.51,293
7/18/2006 16:20,17.1,2.14,293
7/18/2006 16:30,15.7,2.41,293
7/18/2006 16:40,18.3,2.35,293
7/18/2006 16:50,17.8,2.19,293
7/18/2006 17:00,17.6,2.19,315
7/18/2006 17:10,16.7,2.3,315
7/18/2006 17:20,16.7,2.35,315
7/18/2006 17:30,16.3,2.41,315
7/18/2006 17:40,16,2.3,315
7/18/2006 17:50,17.2,2.46,315
7/18/2006 18:00,16.8,2.46,315
7/18/2006 18:10,16.5,2.25,315
7/18/2006 18:20,15.9,2.25,315
7/18/2006 18:30,16.2,2.3,315
7/18/2006 18:40,18.1,2.57,315
7/18/2006 18:50,19.2,2.67,315
7/18/2006 19:00,16.1,3.37,315
7/18/2006 19:10,8.6,2.62,338
7/18/2006 19:20,8.9,2.03,338
7/18/2006 19:30,8.6,2.67,338
7/18/2006 19:40,7.8,3.64,23
7/18/2006 19:50,6.7,3.42,0
7/18/2006 20:00,5.8,2.83,315
7/18/2006 20:10,4.5,1.76,270
7/18/2006 20:20,8.5,2.19,270
7/18/2006 20:30,9.1,1.92,248
7/18/2006 20:40,11.4,1.71,270
7/18/2006 20:50,12.4,1.55,270
7/18/2006 21:00,10.6,1.82,270
7/18/2006 21:10,11.5,1.18,270
7/18/2006 21:20,12.2,1.5,270
7/18/2006 21:30,10.1,1.5,293
7/18/2006 21:40,8.5,1.34,315
7/18/2006 21:50,8.3,1.23,315
7/18/2006 22:00,9.9,1.66,293
7/18/2006 22:10,12.5,1.92,293
7/18/2006 22:20,12.1,1.92,293
7/18/2006 22:30,12.2,2.35,315
7/18/2006 22:40,10.8,1.5,293
7/18/2006 22:50,10.1,1.28,293
7/18/2006 23:00,11.2,1.55,293
7/18/2006 23:10,10.8,1.82,315
7/18/2006 23:20,8.5,1.71,338
7/18/2006 23:30,9.9,1.87,338
7/18/2006 23:40,10.8,1.71,315
7/18/2006 23:50,12,1.98,315
7/19/2006 0:00,11.3,2.03,315
7/19/2006 0:10,10.4,2.46,293
7/19/2006 0:20,9,2.57,270
7/19/2006 0:30,9.1,2.78,270
7/19/2006 0:40,8.5,1.87,270
7/19/2006 0:50,5.4,1.6,270
7/19/2006 1:00,3.3,2.25,248
7/19/2006 1:10,5.5,2.19,248
7/19/2006 1:20,9.1,1.6,225
7/19/2006 1:30,9.9,1.34,225
7/19/2006 1:40,9.6,2.41,225
7/19/2006 1:50,10.9,1.18,225
7/19/2006 2:00,9.7,1.18,225
7/19/2006 2:10,12.3,2.62,225
7/19/2006 2:20,13.6,1.5,225
7/19/2006 2:30,13.8,2.03,225
7/19/2006 2:40,14.8,1.71,225
7/19/2006 2:50,13.3,1.87,225
7/19/2006 3:00,13.7,1.55,225
7/19/2006 3:10,13,2.19,225
7/19/2006 3:20,11.8,2.14,225
7/19/2006 3:30,13.1,1.66,225
7/19/2006 3:40,13.5,2.51,225
7/19/2006 3:50,15.6,2.78,203
7/19/2006 4:00,15.1,2.67,203
7/19/2006 4:10,16.1,2.73,203
7/19/2006 4:20,19.1,2.94,203
7/19/2006 4:30,17.4,2.83,203
7/19/2006 4:40,17.2,3.05,203
7/19/2006 4:50,20,3.21,203
7/19/2006 5:00,19.1,3.15,203
7/19/2006 5:10,17.5,2.62,203
7/19/2006 5:20,17.1,2.62,203
7/19/2006 5:30,18.9,3.53,203
7/19/2006 5:40,20,3.64,203
7/19/2006 5:50,22.3,3.8,203
7/19/2006 6:00,22.8,3.05,225
7/19/2006 6:10,20.3,3.58,225
7/19/2006 6:20,17.3,2.89,225
7/19/2006 6:30,17,3.15,225
7/19/2006 6:40,19.9,2.78,225
7/19/2006 6:50,17.3,3.15,225
7/19/2006 7:00,13.7,2.73,203
7/19/2006 7:10,13.7,2.25,180
7/19/2006 7:20,13.1,2.09,203
7/19/2006 7:30,14.6,2.67,180
7/19/2006 7:40,15.4,3.15,203
7/19/2006 7:50,15.2,2.46,203
7/19/2006 8:00,13.9,2.99,203
7/19/2006 8:10,17.2,2.73,203
7/19/2006 8:20,19.3,3.05,203
7/19/2006 8:30,16.3,2.67,203
7/19/2006 8:40,14.8,2.78,203
7/19/2006 8:50,16.4,2.35,180
7/19/2006 9:00,15.8,2.62,203
7/19/2006 9:10,17.4,3.1,203
7/19/2006 9:20,15.1,2.94,203
7/19/2006 9:30,15,2.62,203
7/19/2006 9:40,14.7,2.51,203
7/19/2006 9:50,14.8,2.41,203
7/19/2006 10:00,15.8,2.83,180
7/19/2006 10:10,16.7,3.26,180
7/19/2006 10:20,18.2,4.28,180
7/19/2006 10:30,18.3,3.42,180
7/19/2006 10:40,18.5,3.42,180
7/19/2006 10:50,17.8,2.99,203
7/19/2006 11:00,17.1,2.67,203
7/19/2006 11:10,16.3,2.73,203
7/19/2006 11:20,17.1,2.73,203
7/19/2006 11:30,15.3,2.35,203
7/19/2006 11:40,14.8,2.57,203
7/19/2006 11:50,14.2,2.14,203
7/19/2006 12:00,14.1,2.3,203
7/19/2006 12:10,13.6,2.57,203
7/19/2006 12:20,14,2.67,203
7/19/2006 12:30,12.7,2.14,203
7/19/2006 12:40,13.2,1.98,203
7/19/2006 12:50,10.9,1.92,203
7/19/2006 13:00,10.2,1.98,203
7/19/2006 13:10,10.3,1.87,203
7/19/2006 13:20,9.5,1.76,203
7/19/2006 13:30,9.2,1.55,203
7/19/2006 13:40,9.1,1.71,203
7/19/2006 13:50,8.1,1.18,203
7/19/2006 14:00,7.9,1.18,203
7/19/2006 14:10,8.6,1.44,180
7/19/2006 14:20,10,1.66,180
7/19/2006 14:30,11.7,1.6,180
7/19/2006 14:40,10.8,1.34,180
7/19/2006 14:50,10.4,1.76,180
7/19/2006 15:00,9.8,1.34,180
7/19/2006 15:10,10,1.39,180
7/19/2006 15:20,9.3,1.12,180
7/19/2006 15:30,9.1,1.07,180
7/19/2006 15:40,7.6,1.39,180
7/19/2006 15:50,7.7,1.39,180
7/19/2006 16:00,8.1,1.34,180
7/19/2006 16:10,7.9,1.34,180
7/19/2006 16:20,8.6,1.39,180
7/19/2006 16:30,9,1.39,203
7/19/2006 16:40,9.1,1.71,180
7/19/2006 16:50,9.2,1.71,180
7/19/2006 17:00,9.3,1.92,203
7/19/2006 17:10,8.5,1.55,203
7/19/2006 17:20,8.3,1.39,203
7/19/2006 17:30,8.3,1.18,203
7/19/2006 17:40,7,1.23,203
7/19/2006 17:50,8.3,1.5,203
7/19/2006 18:00,7.4,1.12,203
7/19/2006 18:10,6.9,1.34,203
7/19/2006 18:20,6.4,1.39,203
7/19/2006 18:30,7.4,1.39,203
7/19/2006 18:40,7.5,1.6,203
7/19/2006 18:50,7.7,1.34,203
7/19/2006 19:00,8.8,1.6,203
7/19/2006 19:10,9.3,1.82,203
7/19/2006 19:20,10.4,1.82,203
7/19/2006 19:30,9.7,2.14,203
7/19/2006 19:40,9.8,2.19,203
7/19/2006 19:50,10.4,1.87,203
7/19/2006 20:00,12.9,2.3,203
7/19/2006 20:10,12.6,2.14,203
7/19/2006 20:20,12.7,2.09,225
7/19/2006 20:30,12,2.19,203
7/19/2006 20:40,13.9,2.19,203
7/19/2006 20:50,12.5,1.98,225
7/19/2006 21:00,13,2.35,225
7/19/2006 21:10,12.4,2.14,225
7/19/2006 21:20,13.9,1.76,225
7/19/2006 21:30,14.4,2.41,225
7/19/2006 21:40,13,2.46,225
7/19/2006 21:50,14.8,2.67,225
7/19/2006 22:00,15.4,2.14,225
7/19/2006 22:10,15.3,1.98,225
7/19/2006 22:20,12.3,1.71,225
7/19/2006 22:30,11.2,2.03,225
7/19/2006 22:40,14.3,1.87,225
7/19/2006 22:50,14.7,2.62,225
7/19/2006 23:00,12.5,1.98,225
7/19/2006 23:10,11.4,1.5,225
7/19/2006 23:20,9.8,1.6,225
7/19/2006 23:30,9.1,1.5,248
7/19/2006 23:40,9,2.3,248
7/19/2006 23:50,7.6,1.55,248
7/20/2006 0:00,7.5,1.98,248
7/20/2006 0:10,5.9,1.66,270
7/20/2006 0:20,5.5,1.6,225
7/20/2006 0:30,6.4,1.66,225
7/20/2006 0:40,7.2,1.66,225
7/20/2006 0:50,6.1,2.03,248
7/20/2006 1:00,7.2,2.25,225
7/20/2006 1:10,7.2,1.39,225
7/20/2006 1:20,8.1,1.55,248
7/20/2006 1:30,6.3,1.82,248
7/20/2006 1:40,8.5,2.25,225
7/20/2006 1:50,9.9,2.19,248
7/20/2006 2:00,8.7,1.87,225
7/20/2006 2:10,7.8,2.09,225
7/20/2006 2:20,8.2,1.28,225
7/20/2006 2:30,7.8,2.03,248
7/20/2006 2:40,7.5,1.5,225
7/20/2006 2:50,5.6,1.71,225
7/20/2006 3:00,6.6,1.55,225
7/20/2006 3:10,5.4,1.07,225
7/20/2006 3:20,6.6,1.6,225
7/20/2006 3:30,7.7,0.91,225
7/20/2006 3:40,6.2,1.12,225
7/20/2006 3:50,7,1.34,203
7/20/2006 4:00,7,1.39,203
7/20/2006 4:10,9.4,1.5,203
7/20/2006 4:20,11.3,1.92,203
7/20/2006 4:30,11.8,1.66,225
7/20/2006 4:40,11,1.12,225
7/20/2006 4:50,10.3,1.23,225
7/20/2006 5:00,9.2,1.39,225
7/20/2006 5:10,7.1,1.12,225
7/20/2006 5:20,5.7,1.23,225
7/20/2006 5:30,4.7,1.07,225
7/20/2006 5:40,6.2,0.96,225
7/20/2006 5:50,7.7,0.91,225
7/20/2006 6:00,7.5,0.53,203
7/20/2006 6:10,8.9,0.91,203
7/20/2006 6:20,9.8,0.8,225
7/20/2006 6:30,6.4,1.23,225
7/20/2006 6:40,5.7,0.64,225
7/20/2006 6:50,6.4,0.64,225
7/20/2006 7:00,7.9,0.86,225
7/20/2006 7:10,10.8,1.55,225
7/20/2006 7:20,10.4,1.12,225
7/20/2006 7:30,10.8,1.12,248
7/20/2006 7:40,11.1,0.96,248
7/20/2006 7:50,11.2,0.96,248
7/20/2006 8:00,11.7,1.18,225
7/20/2006 8:10,13,1.55,225
7/20/2006 8:20,13.1,1.39,225
7/20/2006 8:30,13.2,1.6,225
7/20/2006 8:40,10.5,1.44,225
7/20/2006 8:50,9.3,1.44,225
7/20/2006 9:00,7.4,1.07,203
7/20/2006 9:10,8.5,1.12,203
7/20/2006 9:20,8.2,1.23,225
7/20/2006 9:30,8.9,1.02,225
7/20/2006 9:40,9.5,0.96,225
7/20/2006 9:50,8.7,0.91,248
7/20/2006 10:00,8.9,1.18,225
7/20/2006 10:10,11,0.91,225
7/20/2006 10:20,10.4,1.82,203
7/20/2006 10:30,4,2.35,203
7/20/2006 10:40,0.9,0.64,203
7/20/2006 10:50,6,1.5,180
7/20/2006 11:00,6.1,1.18,180
7/20/2006 11:10,9.6,1.12,180
7/20/2006 11:20,8.6,1.07,180
7/20/2006 11:30,10.3,1.6,180
7/20/2006 11:40,12.2,1.5,180
7/20/2006 11:50,12.6,1.82,203
7/20/2006 12:00,13.8,2.19,203
7/20/2006 12:10,12.5,2.19,203
7/20/2006 12:20,5.2,3.64,225
7/20/2006 12:30,5.5,1.82,248
7/20/2006 12:40,9.5,1.39,203
7/20/2006 12:50,7.9,1.28,203
7/20/2006 13:00,10,1.71,203
7/20/2006 13:10,12.3,1.5,203
7/20/2006 13:20,11.1,1.5,203
7/20/2006 13:30,8.2,1.44,225
7/20/2006 13:40,6.4,1.07,248
7/20/2006 13:50,7.8,1.55,270
7/20/2006 14:00,9.9,1.39,248
7/20/2006 14:10,9.7,1.39,270
7/20/2006 14:20,9.7,1.34,293
7/20/2006 14:30,10.1,1.44,270
7/20/2006 14:40,10.6,1.39,270
7/20/2006 14:50,9.9,1.28,270
7/20/2006 15:00,8.5,0.96,270
7/20/2006 15:10,8.8,1.12,270
7/20/2006 15:20,9.8,1.23,270
7/20/2006 15:30,9.8,1.23,270
7/20/2006 15:40,7.7,1.44,270
7/20/2006 15:50,6.8,0.86,248
7/20/2006 16:00,7.3,0.91,248
7/20/2006 16:10,8.4,0.96,270
7/20/2006 16:20,8.3,0.91,248
7/20/2006 16:30,8.3,0.75,248
7/20/2006 16:40,5.1,1.23,225
7/20/2006 16:50,3.7,0.8,180
7/20/2006 17:00,4.6,0.91,180
7/20/2006 17:10,8.7,1.12,158
7/20/2006 17:20,8.6,1.23,158
7/20/2006 17:30,8.4,1.39,158
7/20/2006 17:40,9.3,1.6,158
7/20/2006 17:50,9.9,1.23,158
7/20/2006 18:00,9.4,1.07,158
7/20/2006 18:10,9.5,1.34,158
7/20/2006 18:20,9.5,1.18,158
7/20/2006 18:30,8.7,1.5,180
7/20/2006 18:40,9,1.71,180
7/20/2006 18:50,10,2.09,180
7/20/2006 19:00,10.6,1.76,158
7/20/2006 19:10,10.3,1.98,180
7/20/2006 19:20,7.1,1.44,180
7/20/2006 19:30,5.4,1.55,180
7/20/2006 19:40,3.1,0.96,180
7/20/2006 19:50,4.7,0.96,180
7/20/2006 20:00,4.7,1.18,180
7/20/2006 20:10,7.2,1.5,180
7/20/2006 20:20,7.6,1.87,158
7/20/2006 20:30,6.9,1.71,158
7/20/2006 20:40,6.9,0.86,158
7/20/2006 20:50,8.5,1.71,158
7/20/2006 21:00,9.2,1.39,158
7/20/2006 21:10,10.2,1.76,158
7/20/2006 21:20,7.5,1.92,158
7/20/2006 21:30,7.6,2.3,180
7/20/2006 21:40,4.5,0.91,203
7/20/2006 21:50,7.1,1.71,180
7/20/2006 22:00,7.3,1.6,158
7/20/2006 22:10,5.9,1.66,180
7/20/2006 22:20,8.2,1.5,158
7/20/2006 22:30,8.6,1.82,158
7/20/2006 22:40,7.6,1.18,135
7/20/2006 22:50,8.9,2.35,135
7/20/2006 23:00,10,1.34,158
7/20/2006 23:10,8.9,1.82,158
7/20/2006 23:20,11.5,2.14,158
7/20/2006 23:30,11.3,1.98,158
7/20/2006 23:40,12.5,1.55,135
7/20/2006 23:50,15.4,1.6,135
7/21/2006 0:00,12.5,2.35,135
7/21/2006 0:10,14.5,2.67,158
7/21/2006 0:20,15.3,2.99,158
7/21/2006 0:30,14.5,2.67,135
7/21/2006 0:40,12.3,2.14,135
7/21/2006 0:50,12.2,2.51,135
7/21/2006 1:00,12.2,2.73,135
7/21/2006 1:10,11.9,1.82,135
7/21/2006 1:20,13.7,2.89,135
7/21/2006 1:30,12.4,2.19,135
7/21/2006 1:40,11.8,1.92,135
7/21/2006 1:50,12.5,2.89,135
7/21/2006 2:00,13.3,2.83,135
7/21/2006 2:10,14.1,2.19,135
7/21/2006 2:20,12.7,2.67,158
7/21/2006 2:30,14.4,2.57,158
7/21/2006 2:40,13.6,2.03,180
7/21/2006 2:50,14.5,2.3,158
7/21/2006 3:00,12.3,1.92,158
7/21/2006 3:10,14.1,4.22,180
7/21/2006 3:20,14.9,2.35,158
7/21/2006 3:30,14,3.21,158
7/21/2006 3:40,16.4,2.62,158
7/21/2006 3:50,15.3,1.87,158
7/21/2006 4:00,15.6,2.78,158
7/21/2006 4:10,18.6,3.05,158
7/21/2006 4:20,16.2,2.57,158
7/21/2006 4:30,15.5,1.76,158
7/21/2006 4:40,15.1,2.62,180
7/21/2006 4:50,11.5,2.3,180
7/21/2006 5:00,13,2.03,180
7/21/2006 5:10,11.3,2.19,180
7/21/2006 5:20,10.9,2.09,180
7/21/2006 5:30,10.1,2.19,180
7/21/2006 5:40,11.4,2.35,180
7/21/2006 5:50,11.9,2.35,180
7/21/2006 6:00,11.4,2.35,180
7/21/2006 6:10,13.1,2.67,158
7/21/2006 6:20,12.1,1.71,180
7/21/2006 6:30,10.4,1.5,180
7/21/2006 6:40,9.5,1.39,158
7/21/2006 6:50,9,1.12,158
7/21/2006 7:00,7.8,1.18,158
7/21/2006 7:10,6.7,0.64,158
7/21/2006 7:20,6,0.86,158
7/21/2006 7:30,5.3,0.64,158
7/21/2006 7:40,6.2,0.59,180
7/21/2006 7:50,5.7,0.75,180
7/21/2006 8:00,4.8,0.75,180
7/21/2006 8:10,4.3,0.75,180
7/21/2006 8:20,3.7,0.7,180
7/21/2006 8:30,3.8,0.7,180
7/21/2006 8:40,3.5,0.48,180
7/21/2006 8:50,1.4,0.75,158
7/21/2006 9:00,1.9,0.96,158
7/21/2006 9:10,0,0,158
7/21/2006 9:20,2.7,0.59,158
7/21/2006 9:30,1.5,0.91,158
7/21/2006 9:40,1.2,0.59,135
7/21/2006 9:50,1.5,0.86,135
7/21/2006 10:00,1.8,0.64,158
7/21/2006 10:10,2.8,0.75,158
7/21/2006 10:20,3,0.43,135
7/21/2006 10:30,3.7,0.43,135
7/21/2006 10:40,2.3,1.23,135
7/21/2006 10:50,0,0,135
7/21/2006 11:00,2.9,1.07,113
7/21/2006 11:10,3.8,0.48,90
7/21/2006 11:20,2.1,1.28,90
7/21/2006 11:30,0,0,90
7/21/2006 11:40,0,0,90
7/21/2006 11:50,2.2,0.75,90
7/21/2006 12:00,3.1,0.8,90
7/21/2006 12:10,0.9,0.43,90
7/21/2006 12:20,1.7,0.8,90
7/21/2006 12:30,2.8,1.02,113
7/21/2006 12:40,1.5,0.75,113
7/21/2006 12:50,0.9,0.43,113
7/21/2006 13:00,2,0.75,158
7/21/2006 13:10,1.4,0.86,158
7/21/2006 13:20,0,0,158
7/21/2006 13:30,2.3,0.96,158
7/21/2006 13:40,1,0.37,158
7/21/2006 13:50,1.6,1.18,135
7/21/2006 14:00,2.6,0.43,135
7/21/2006 14:10,2.7,0.48,113
7/21/2006 14:20,3.1,0.53,113
7/21/2006 14:30,3.8,0.53,113
7/21/2006 14:40,4,0.75,113
7/21/2006 14:50,1.8,0.96,113
7/21/2006 15:00,1,0.53,113
7/21/2006 15:10,1.4,0.75,113
7/21/2006 15:20,1.3,0.75,135
7/21/2006 15:30,1.4,0.8,113
7/21/2006 15:40,1.1,0.64,113
7/21/2006 15:50,2.3,0.48,113
7/21/2006 16:00,2.7,0.59,113
7/21/2006 16:10,3.4,0.59,113
7/21/2006 16:20,3.5,0.53,113
7/21/2006 16:30,3,0.59,113
7/21/2006 16:40,2.2,0.64,90
7/21/2006 16:50,3,0.59,113
7/21/2006 17:00,3.5,0.59,113
7/21/2006 17:10,3.4,0.59,113
7/21/2006 17:20,3.5,0.8,135
7/21/2006 17:30,2.2,0.7,113
7/21/2006 17:40,2.1,0.91,113
7/21/2006 17:50,1.8,0.91,113
7/21/2006 18:00,1.7,1.12,158
7/21/2006 18:10,1.2,0.7,135
7/21/2006 18:20,1.3,0.96,113
7/21/2006 18:30,2.1,1.02,113
7/21/2006 18:40,2.5,1.23,135
7/21/2006 18:50,3.3,0.86,113
7/21/2006 19:00,1.5,1.02,113
7/21/2006 19:10,3.1,1.39,90
7/21/2006 19:20,4.5,0.8,90
7/21/2006 19:30,5.2,0.7,90
7/21/2006 19:40,5.6,0.91,90
7/21/2006 19:50,5.4,0.86,90
7/21/2006 20:00,5.3,0.96,90
7/21/2006 20:10,5.1,1.18,113
7/21/2006 20:20,5.8,1.12,113
7/21/2006 20:30,4.4,0.91,113
7/21/2006 20:40,4.9,1.18,113
7/21/2006 20:50,6,1.18,113
7/21/2006 21:00,6.8,1.12,113
7/21/2006 21:10,8.7,1.28,113
7/21/2006 21:20,8.9,1.6,113
7/21/2006 21:30,7.8,1.44,113
7/21/2006 21:40,7.6,1.55,113
7/21/2006 21:50,7,1.87,113
7/21/2006 22:00,8.9,2.14,113
7/21/2006 22:10,7.7,2.41,113
7/21/2006 22:20,8.2,2.41,135
7/21/2006 22:30,8.7,2.14,113
7/21/2006 22:40,9,2.46,113
7/21/2006 22:50,9.1,1.39,113
7/21/2006 23:00,7.2,2.25,113
7/21/2006 23:10,8.5,3.21,113
7/21/2006 23:20,12.2,3.74,113
7/21/2006 23:30,10.4,2.67,135
7/21/2006 23:40,6.1,2.78,113
7/21/2006 23:50,11.2,2.46,135
7/22/2006 0:00,8.7,3.42,113
7/22/2006 0:10,10.2,2.62,158
7/22/2006 0:20,10.1,2.67,135
7/22/2006 0:30,11.5,2.14,158
7/22/2006 0:40,8.5,3.05,135
7/22/2006 0:50,9.4,2.19,113
7/22/2006 1:00,11.2,2.35,135
7/22/2006 1:10,10.4,2.09,135
7/22/2006 1:20,6.9,2.19,135
7/22/2006 1:30,9.1,2.78,135
7/22/2006 1:40,10,3.05,113
7/22/2006 1:50,9.7,3.64,135
7/22/2006 2:00,9.4,2.94,180
7/22/2006 2:10,11.2,2.94,135
7/22/2006 2:20,9.8,1.92,135
7/22/2006 2:30,8,1.76,158
7/22/2006 2:40,7.9,1.71,158
7/22/2006 2:50,7,2.25,135
7/22/2006 3:00,6,3.21,113
7/22/2006 3:10,6.7,2.51,135
7/22/2006 3:20,7.2,1.92,158
7/22/2006 3:30,8.5,2.19,180
7/22/2006 3:40,6.9,1.87,225
7/22/2006 3:50,5.9,2.03,225
7/22/2006 4:00,3.8,1.18,225
7/22/2006 4:10,5.3,1.5,225
7/22/2006 4:20,5.8,2.3,225
7/22/2006 4:30,3.1,1.98,293
7/22/2006 4:40,4.3,1.18,270
7/22/2006 4:50,2.8,2.09,270
7/22/2006 5:00,2,1.07,225
7/22/2006 5:10,0.8,0.27,338
7/22/2006 5:20,2.1,1.5,225
7/22/2006 5:30,3.9,0.86,248
7/22/2006 5:40,3.1,1.12,225
7/22/2006 5:50,2.1,0.96,338
7/22/2006 6:00,3.5,1.07,0
7/22/2006 6:10,3,1.23,90
7/22/2006 6:20,2,1.18,45
7/22/2006 6:30,3.3,1.02,45
7/22/2006 6:40,2.4,1.07,23
7/22/2006 6:50,1.2,0.7,23
7/22/2006 7:00,2.4,0.91,23
7/22/2006 7:10,2,1.44,338
7/22/2006 7:20,5.4,0.59,315
7/22/2006 7:30,5.9,0.59,315
7/22/2006 7:40,6.2,0.64,338
7/22/2006 7:50,6.3,1.07,338
7/22/2006 8:00,6.8,0.7,338
7/22/2006 8:10,8.3,0.91,0
7/22/2006 8:20,8.7,0.75,0
7/22/2006 8:30,9.2,0.86,0
7/22/2006 8:40,9.2,0.8,0
7/22/2006 8:50,9.4,0.7,0
7/22/2006 9:00,9,0.8,0
7/22/2006 9:10,9,0.75,0
7/22/2006 9:20,9,0.75,0
7/22/2006 9:30,9.3,0.96,0
7/22/2006 9:40,10.3,0.96,0
7/22/2006 9:50,10.1,1.07,0
7/22/2006 10:00,10,1.07,0
7/22/2006 10:10,10.4,1.02,0
7/22/2006 10:20,10.2,1.18,0
7/22/2006 10:30,10.6,1.02,0
7/22/2006 10:40,11.6,1.18,0
7/22/2006 10:50,11.9,1.02,0
7/22/2006 11:00,12.1,1.12,0
7/22/2006 11:10,13,1.34,0
7/22/2006 11:20,12.5,1.34,0
7/22/2006 11:30,11.6,1.28,0
7/22/2006 11:40,11.8,1.28,0
7/22/2006 11:50,11.4,1.18,0
7/22/2006 12:00,11.1,1.12,0
7/22/2006 12:10,10.9,1.07,0
7/22/2006 12:20,10.8,1.02,0
7/22/2006 12:30,10.5,1.02,0
7/22/2006 12:40,10.5,0.96,0
7/22/2006 12:50,10.7,1.18,0
7/22/2006 13:00,10.7,1.39,23
7/22/2006 13:10,10.8,1.34,23
7/22/2006 13:20,10.6,1.18,23
7/22/2006 13:30,11.4,1.34,23
7/22/2006 13:40,11.2,1.02,23
7/22/2006 13:50,11.3,1.12,23
7/22/2006 14:00,11.2,1.12,23
7/22/2006 14:10,11.7,1.12,23
7/22/2006 14:20,11.9,1.07,23
7/22/2006 14:30,11.4,1.07,23
7/22/2006 14:40,10.7,1.07,23
7/22/2006 14:50,10.6,1.07,23
7/22/2006 15:00,10.6,0.91,23
7/22/2006 15:10,10.6,0.96,23
7/22/2006 15:20,10.6,0.86,23
7/22/2006 15:30,10.2,0.8,23
7/22/2006 15:40,10.5,0.91,23
7/22/2006 15:50,10.4,0.8,23
7/22/2006 16:00,10.2,0.8,23
7/22/2006 16:10,10.1,0.86,23
7/22/2006 16:20,10.4,0.8,23
7/22/2006 16:30,10.6,0.86,23
7/22/2006 16:40,10.1,0.8,23
7/22/2006 16:50,9.8,0.7,23
7/22/2006 17:00,9,0.75,23
7/22/2006 17:10,8.3,0.7,23
7/22/2006 17:20,8.5,0.7,23
7/22/2006 17:30,8.9,0.59,23
7/22/2006 17:40,8.6,0.53,23
7/22/2006 17:50,8.8,0.53,23
7/22/2006 18:00,8.6,0.86,23
7/22/2006 18:10,8.3,0.75,23
7/22/2006 18:20,8.5,0.91,45
7/22/2006 18:30,8.2,0.96,45
7/22/2006 18:40,7.8,1.02,45
7/22/2006 18:50,8.4,1.12,45
7/22/2006 19:00,9.4,1.18,45
7/22/2006 19:10,9.4,1.34,45
7/22/2006 19:20,9.9,1.12,45
7/22/2006 19:30,9.4,1.18,45
7/22/2006 19:40,8.7,1.5,45
7/22/2006 19:50,8.8,1.34,45
7/22/2006 20:00,8.3,1.18,45
7/22/2006 20:10,8.7,1.92,45
7/22/2006 20:20,10.8,1.5,68
7/22/2006 20:30,13,1.76,68
7/22/2006 20:40,13.1,1.44,68
7/22/2006 20:50,14.1,1.28,68
7/22/2006 21:00,13.8,1.66,68
7/22/2006 21:10,13.3,1.5,68
7/22/2006 21:20,12.2,1.5,90
7/22/2006 21:30,11.7,1.44,68
7/22/2006 21:40,11.7,1.55,68
7/22/2006 21:50,11,1.87,45
7/22/2006 22:00,9.9,1.23,68
7/22/2006 22:10,10.1,1.71,68
7/22/2006 22:20,11.3,1.55,68
7/22/2006 22:30,10.5,1.5,68
7/22/2006 22:40,11.2,2.14,68
7/22/2006 22:50,10.7,1.76,68
7/22/2006 23:00,10.4,2.35,68
7/22/2006 23:10,11.5,2.03,45
7/22/2006 23:20,11,2.25,68
7/22/2006 23:30,10.8,2.14,68
7/22/2006 23:40,11.2,2.3,45
7/22/2006 23:50,10.1,2.67,68
7/23/2006 0:00,10.7,2.25,45
7/23/2006 0:10,13.1,2.14,45
7/23/2006 0:20,11.7,2.25,45
7/23/2006 0:30,12.4,2.57,45
7/23/2006 0:40,12.6,2.3,45
7/23/2006 0:50,14,2.19,23
7/23/2006 1:00,13.1,2.57,45
7/23/2006 1:10,13.5,2.78,45
7/23/2006 1:20,13.5,2.99,45
7/23/2006 1:30,13.3,3.32,45
7/23/2006 1:40,13.6,2.51,45
7/23/2006 1:50,14.7,2.46,45
7/23/2006 2:00,14.6,2.83,23
7/23/2006 2:10,16.7,2.09,45
7/23/2006 2:20,14.6,2.46,45
7/23/2006 2:30,15.7,2.14,45
7/23/2006 2:40,14.8,2.09,45
7/23/2006 2:50,15.4,2.41,45
7/23/2006 3:00,15.3,2.73,45
7/23/2006 3:10,14.4,2.14,45
7/23/2006 3:20,16.3,2.62,45
7/23/2006 3:30,17.2,2.25,45
7/23/2006 3:40,16.6,2.67,23
7/23/2006 3:50,17.1,2.46,23
7/23/2006 4:00,16.1,2.3,45
7/23/2006 4:10,16,1.98,45
7/23/2006 4:20,14.5,2.35,45
7/23/2006 4:30,16.4,2.09,45
7/23/2006 4:40,17,2.25,23
7/23/2006 4:50,17.1,2.19,23
7/23/2006 5:00,14.5,2.51,23
7/23/2006 5:10,14.6,2.78,23
7/23/2006 5:20,15.1,2.19,23
7/23/2006 5:30,15.4,2.09,23
7/23/2006 5:40,14.1,1.98,23
7/23/2006 5:50,15.6,1.71,23
7/23/2006 6:00,16.7,2.25,23
7/23/2006 6:10,16.1,1.92,23
7/23/2006 6:20,15.1,1.82,23
7/23/2006 6:30,15.1,1.98,23
7/23/2006 6:40,14.8,2.35,23
7/23/2006 6:50,16.5,2.41,23
7/23/2006 7:00,13.8,1.92,23
7/23/2006 7:10,13.7,1.66,23
7/23/2006 7:20,14.8,2.51,23
7/23/2006 7:30,16.8,2.78,23
7/23/2006 7:40,14.9,1.71,23
7/23/2006 7:50,15.5,2.14,23
7/23/2006 8:00,16.4,2.25,23
7/23/2006 8:10,14.6,2.41,23
7/23/2006 8:20,15.3,1.87,23
7/23/2006 8:30,14.6,1.92,23
7/23/2006 8:40,15.1,1.98,23
7/23/2006 8:50,14.7,2.03,23
7/23/2006 9:00,14.1,1.92,23
7/23/2006 9:10,14.7,2.03,23
7/23/2006 9:20,14.4,1.82,23
7/23/2006 9:30,15.1,2.03,23
7/23/2006 9:40,15.4,2.09,23
7/23/2006 9:50,15.1,1.98,23
7/23/2006 10:00,14.9,2.14,23
7/23/2006 10:10,13.7,1.71,23
7/23/2006 10:20,14.6,1.82,23
7/23/2006 10:30,14.7,1.5,23
7/23/2006 10:40,14.6,1.87,23
7/23/2006 10:50,14.5,1.98,23
7/23/2006 11:00,14.3,1.82,23
7/23/2006 11:10,14.9,2.09,23
7/23/2006 11:20,15.7,1.92,23
7/23/2006 11:30,14.8,2.09,23
7/23/2006 11:40,14.4,1.71,23
7/23/2006 11:50,11.5,4.17,0
7/23/2006 12:00,12.4,4.71,0
7/23/2006 12:10,14.5,1.66,23
7/23/2006 12:20,14.7,1.44,23
7/23/2006 12:30,13.5,1.87,23
7/23/2006 12:40,13.9,1.55,23
7/23/2006 12:50,14.3,1.76,23
7/23/2006 13:00,14,1.87,23
7/23/2006 13:10,13.8,2.09,23
7/23/2006 13:20,13.6,1.92,23
7/23/2006 13:30,12.4,1.6,23
7/23/2006 13:40,12.8,1.6,23
7/23/2006 13:50,12.7,1.71,23
7/23/2006 14:00,12,1.66,23
7/23/2006 14:10,13.5,1.5,23
7/23/2006 14:20,14.5,2.3,23
7/23/2006 14:30,14.4,13.63,45
7/23/2006 14:40,14.7,1.55,45
7/23/2006 14:50,14.4,1.82,45
7/23/2006 15:00,14.5,2.09,23
7/23/2006 15:10,13.9,1.76,45
7/23/2006 15:20,14.4,1.92,23
7/23/2006 15:30,13.2,1.76,23
7/23/2006 15:40,13.3,1.92,45
7/23/2006 15:50,12.1,1.87,45
7/23/2006 16:00,11.3,1.5,23
7/23/2006 16:10,12.6,1.66,23
7/23/2006 16:20,14,1.82,45
7/23/2006 16:30,13.9,1.87,23
7/23/2006 16:40,12.9,1.71,23
7/23/2006 16:50,14.1,1.5,23
7/23/2006 17:00,13.6,1.6,23
7/23/2006 17:10,13.6,1.39,23
7/23/2006 17:20,13.6,1.71,23
7/23/2006 17:30,13.9,1.82,23
7/23/2006 17:40,12.9,1.66,23
7/23/2006 17:50,12.8,1.71,23
7/23/2006 18:00,13.6,1.6,23
7/23/2006 18:10,13.9,1.6,23
7/23/2006 18:20,13.4,1.6,23
7/23/2006 18:30,12.5,1.71,23
7/23/2006 18:40,12.5,1.55,23
7/23/2006 18:50,11.7,1.44,23
7/23/2006 19:00,11.4,1.44,23
7/23/2006 19:10,11.9,1.44,23
7/23/2006 19:20,11.7,1.5,23
7/23/2006 19:30,12.4,1.34,23
7/23/2006 19:40,12.5,1.71,23
7/23/2006 19:50,12.6,1.71,23
7/23/2006 20:00,12.3,1.71,23
7/23/2006 20:10,13.5,1.92,23
7/23/2006 20:20,12.5,2.35,23
7/23/2006 20:30,12.8,1.6,0
7/23/2006 20:40,11.1,1.87,0
7/23/2006 20:50,11.9,1.71,0
7/23/2006 21:00,12.9,1.71,0
7/23/2006 21:10,14.4,1.66,0
7/23/2006 21:20,13.1,2.25,23
7/23/2006 21:30,12.8,1.92,23
7/23/2006 21:40,13,1.34,0
7/23/2006 21:50,11.3,1.5,0
7/23/2006 22:00,10.6,1.5,0
7/23/2006 22:10,10.8,1.44,0
7/23/2006 22:20,10.1,1.66,0
7/23/2006 22:30,11.3,1.66,23
7/23/2006 22:40,10.3,1.76,0
7/23/2006 22:50,11.2,1.39,0
7/23/2006 23:00,11.4,2.03,0
7/23/2006 23:10,11.5,1.76,0
7/23/2006 23:20,13.3,1.87,0
7/23/2006 23:30,12.4,1.82,0
7/23/2006 23:40,11.3,2.25,338
7/23/2006 23:50,12.2,1.87,338
7/24/2006 0:00,11.6,2.35,338
7/24/2006 0:10,13.9,1.98,338
7/24/2006 0:20,14.4,13.63,338
7/24/2006 0:30,14.3,1.98,0
7/24/2006 0:40,15.1,2.51,338
7/24/2006 0:50,13.9,2.19,338
7/24/2006 1:00,14.5,2.19,0
7/24/2006 1:10,15.2,2.35,0
7/24/2006 1:20,15.6,2.57,0
7/24/2006 1:30,15.1,2.09,0
7/24/2006 1:40,16.4,2.3,0
7/24/2006 1:50,17.6,2.62,0
7/24/2006 2:00,15.3,2.51,0
7/24/2006 2:10,15.2,2.67,0
7/24/2006 2:20,12.8,2.3,0
7/24/2006 2:30,12.9,1.98,0
7/24/2006 2:40,11.6,1.92,338
7/24/2006 2:50,13.1,2.14,338
7/24/2006 3:00,12.8,2.09,338
7/24/2006 3:10,14.9,2.35,338
7/24/2006 3:20,16.4,3.21,338
7/24/2006 3:30,16.5,2.83,0
7/24/2006 3:40,14.5,3.26,0
7/24/2006 3:50,17.9,2.46,0
7/24/2006 4:00,18.4,2.94,0
7/24/2006 4:10,17.1,2.89,0
7/24/2006 4:20,18,2.73,0
7/24/2006 4:30,19,3.32,0
7/24/2006 4:40,19.4,2.46,0
7/24/2006 4:50,20.1,2.94,0
7/24/2006 5:00,19.7,3.42,0
7/24/2006 5:10,17.6,2.94,338
7/24/2006 5:20,17.2,2.83,0
7/24/2006 5:30,18.1,3.05,0
7/24/2006 5:40,17.3,2.57,0
7/24/2006 5:50,17,2.78,0
7/24/2006 6:00,15.2,2.35,0
7/24/2006 6:10,13.2,2.35,0
7/24/2006 6:20,11.9,1.66,0
7/24/2006 6:30,9.7,1.39,338
7/24/2006 6:40,8.3,1.76,338
7/24/2006 6:50,7.8,4.12,135
7/24/2006 7:00,16,5.83,180
7/24/2006 7:10,10.9,2.19,270
7/24/2006 7:20,10.6,2.78,180
7/24/2006 7:30,9.1,1.98,225
7/24/2006 7:40,9.7,1.34,248
7/24/2006 7:50,12.5,1.39,270
7/24/2006 8:00,14.8,1.39,270
7/24/2006 8:10,14,1.71,293
7/24/2006 8:20,13,1.66,293
7/24/2006 8:30,12.1,0.91,270
7/24/2006 8:40,12.5,1.02,270
7/24/2006 8:50,13.7,1.28,293
7/24/2006 9:00,13.7,1.28,270
7/24/2006 9:10,14.4,1.55,293
7/24/2006 9:20,12.9,1.92,293
7/24/2006 9:30,11.3,1.5,315
7/24/2006 9:40,12.3,1.87,315
7/24/2006 9:50,13.9,1.71,315
7/24/2006 10:00,13.7,1.82,315
7/24/2006 10:10,15.4,1.87,315
7/24/2006 10:20,15.1,1.76,315
7/24/2006 10:30,14.1,2.25,315
7/24/2006 10:40,14.3,2.03,315
7/24/2006 10:50,14.6,2.19,338
7/24/2006 11:00,14.9,2.3,338
7/24/2006 11:10,14.5,2.09,338
7/24/2006 11:20,16.4,1.92,315
7/24/2006 11:30,16.2,2.25,315
7/24/2006 11:40,12.3,1.71,293
7/24/2006 11:50,11.7,1.98,293
7/24/2006 12:00,11,1.5,293
7/24/2006 12:10,9,1.76,315
7/24/2006 12:20,8.6,5.24,23
7/24/2006 12:30,9.1,4.97,180
7/24/2006 12:40,3.5,2.46,270
7/24/2006 12:50,8.3,3.9,293
7/24/2006 13:00,17.1,2.46,315
7/24/2006 13:10,15,1.55,315
7/24/2006 13:20,17.2,1.39,293
7/24/2006 13:30,17.2,1.39,270
7/24/2006 13:40,16.1,1.12,270
7/24/2006 13:50,16,0.96,293
7/24/2006 14:00,14.5,2.14,293
7/24/2006 14:10,11.3,1.39,315
7/24/2006 14:20,13.3,1.82,315
7/24/2006 14:30,14.3,1.66,315
7/24/2006 14:40,14,1.82,315
7/24/2006 14:50,13.8,1.82,315
7/24/2006 15:00,15.1,1.87,315
7/24/2006 15:10,15.4,1.98,315
7/24/2006 15:20,15.8,1.71,315
7/24/2006 15:30,16.4,1.98,293
7/24/2006 15:40,16.6,1.98,293
7/24/2006 15:50,15.3,1.71,315
7/24/2006 16:00,15.9,1.6,315
7/24/2006 16:10,15.1,1.87,315
7/24/2006 16:20,14.7,1.71,315
7/24/2006 16:30,16.2,1.82,315
7/24/2006 16:40,16.3,1.92,315
7/24/2006 16:50,14.5,1.82,315
7/24/2006 17:00,14,1.6,315
7/24/2006 17:10,14.6,1.82,338
7/24/2006 17:20,15.4,2.19,338
7/24/2006 17:30,14.1,2.3,338
7/24/2006 17:40,13.8,1.87,338
7/24/2006 17:50,15.3,2.51,315
7/24/2006 18:00,14.6,1.98,315
7/24/2006 18:10,13.6,1.87,315
7/24/2006 18:20,13.3,1.76,315
7/24/2006 18:30,13,2.19,315
7/24/2006 18:40,12,1.44,315
7/24/2006 18:50,10.5,1.76,315
7/24/2006 19:00,10.9,1.28,315
7/24/2006 19:10,10.6,1.34,315
7/24/2006 19:20,11.2,1.5,315
7/24/2006 19:30,10.8,1.44,315
7/24/2006 19:40,7.6,2.09,315
7/24/2006 19:50,7.6,1.87,338
7/24/2006 20:00,8.7,1.39,315
7/24/2006 20:10,9,1.71,315
7/24/2006 20:20,9.8,1.34,315
7/24/2006 20:30,10.4,1.5,293
7/24/2006 20:40,8.5,1.5,293
7/24/2006 20:50,6.7,1.66,293
7/24/2006 21:00,5.4,1.92,270
7/24/2006 21:10,5.3,1.5,270
7/24/2006 21:20,8.3,1.18,293
7/24/2006 21:30,8.6,1.55,293
7/24/2006 21:40,7,1.12,293
7/24/2006 21:50,4.6,1.23,270
7/24/2006 22:00,5.1,1.34,270
7/24/2006 22:10,3.1,1.39,270
7/24/2006 22:20,0,0,270
7/24/2006 22:30,0,0,315
7/24/2006 22:40,4.1,0.91,113
7/24/2006 22:50,3,1.07,113
7/24/2006 23:00,1.7,0.96,158
7/24/2006 23:10,1.9,1.39,158
7/24/2006 23:20,1.1,0.86,338
7/24/2006 23:30,2.9,0.75,248
7/24/2006 23:40,3,0.7,225
7/24/2006 23:50,2.8,1.02,203
7/25/2006 0:00,3,2.41,225
7/25/2006 0:10,3.3,2.3,113
7/25/2006 0:20,5.4,1.39,158
7/25/2006 0:30,8.2,1.98,180
7/25/2006 0:40,8.9,1.6,180
7/25/2006 0:50,7.7,1.55,180
7/25/2006 1:00,7,1.23,203
7/25/2006 1:10,7.8,1.82,203
7/25/2006 1:20,9.4,1.39,203
7/25/2006 1:30,10.6,1.55,203
7/25/2006 1:40,8.9,1.76,203
7/25/2006 1:50,6.5,1.07,203
7/25/2006 2:00,6.2,1.92,203
7/25/2006 2:10,7.7,1.92,225
7/25/2006 2:20,10.2,1.18,225
7/25/2006 2:30,5.9,1.23,225
7/25/2006 2:40,3.7,1.02,248
7/25/2006 2:50,4.8,0.64,293
7/25/2006 3:00,6.8,1.07,315
7/25/2006 3:10,9,1.02,315
7/25/2006 3:20,11.3,1.18,315
7/25/2006 3:30,11.7,1.39,315
7/25/2006 3:40,13.7,1.6,315
7/25/2006 3:50,13.2,1.71,315
7/25/2006 4:00,12.1,2.25,315
7/25/2006 4:10,12.2,3.15,315
7/25/2006 4:20,12.3,2.62,315
7/25/2006 4:30,13.1,1.76,293
7/25/2006 4:40,14.2,1.98,293
7/25/2006 4:50,12.4,1.39,315
7/25/2006 5:00,12.4,1.71,315
7/25/2006 5:10,9.9,1.92,315
7/25/2006 5:20,10.9,1.66,315
7/25/2006 5:30,9.1,1.66,315
7/25/2006 5:40,8.6,1.44,315
7/25/2006 5:50,8.3,1.55,315
7/25/2006 6:00,7.5,1.55,315
7/25/2006 6:10,9.3,1.39,315
7/25/2006 6:20,10.5,1.55,315
7/25/2006 6:30,10.6,1.34,315
7/25/2006 6:40,11,1.44,315
7/25/2006 6:50,10.5,1.07,293
7/25/2006 7:00,11.4,1.07,315
7/25/2006 7:10,12,1.34,315
7/25/2006 7:20,11.6,1.18,315
7/25/2006 7:30,9.8,1.28,315
7/25/2006 7:40,11.4,1.12,315
7/25/2006 7:50,10.6,0.96,293
7/25/2006 8:00,11.1,1.07,293
7/25/2006 8:10,11.5,1.02,293
7/25/2006 8:20,10.7,1.07,293
7/25/2006 8:30,10.1,1.12,293
7/25/2006 8:40,9.4,0.86,293
7/25/2006 8:50,9.2,0.8,293
7/25/2006 9:00,10.1,0.91,293
7/25/2006 9:10,9,0.75,293
7/25/2006 9:20,8.5,0.7,293
7/25/2006 9:30,9.3,0.53,293
7/25/2006 9:40,10,0.75,293
7/25/2006 9:50,10.5,0.75,293
7/25/2006 10:00,10.9,0.7,293
7/25/2006 10:10,10.6,0.96,293
7/25/2006 10:20,10.8,0.91,293
7/25/2006 10:30,10.5,1.28,293
7/25/2006 10:40,9.3,0.59,270
7/25/2006 10:50,9.8,0.91,270
7/25/2006 11:00,11.2,1.07,293
7/25/2006 11:10,10.4,1.12,293
7/25/2006 11:20,11.4,0.8,293
7/25/2006 11:30,11.2,0.91,293
7/25/2006 11:40,12.2,1.02,293
7/25/2006 11:50,10.6,1.07,293
7/25/2006 12:00,10.5,0.7,270
7/25/2006 12:10,10.4,0.86,293
7/25/2006 12:20,10.1,0.7,293
7/25/2006 12:30,9.4,1.55,293
7/25/2006 12:40,2.9,1.39,45
7/25/2006 12:50,1.4,0.91,45
7/25/2006 13:00,1.4,1.02,135
7/25/2006 13:10,3.4,1.02,180
7/25/2006 13:20,4,0.86,180
7/25/2006 13:30,4.4,0.59,203
7/25/2006 13:40,3.5,0.75,180
7/25/2006 13:50,3.1,0.48,203
7/25/2006 14:00,4.3,0.53,203
7/25/2006 14:10,4.2,0.59,203
7/25/2006 14:20,4.7,0.48,203
7/25/2006 14:30,5.5,0.43,225
7/25/2006 14:40,5.5,0.53,225
7/25/2006 14:50,5.1,0.53,203
7/25/2006 15:00,4.5,0.7,203
7/25/2006 15:10,6.1,0.86,203
7/25/2006 15:20,6.4,0.75,225
7/25/2006 15:30,6.8,0.91,225
7/25/2006 15:40,5.6,0.59,203
7/25/2006 15:50,5.9,0.75,225
7/25/2006 16:00,5,0.59,225
7/25/2006 16:10,6.1,0.7,225
7/25/2006 16:20,7,0.91,225
7/25/2006 16:30,7.8,0.7,225
7/25/2006 16:40,7.9,1.12,248
7/25/2006 16:50,8.7,0.91,248
7/25/2006 17:00,9.3,0.59,248
7/25/2006 17:10,9.1,0.96,248
7/25/2006 17:20,7.5,0.64,248
7/25/2006 17:30,6.8,0.86,248
7/25/2006 17:40,6.2,0.53,248
7/25/2006 17:50,7.5,0.96,248
7/25/2006 18:00,8.2,1.07,248
7/25/2006 18:10,7.2,1.12,270
7/25/2006 18:20,8,1.02,270
7/25/2006 18:30,9.1,1.28,270
7/25/2006 18:40,8.4,1.23,270
7/25/2006 18:50,9.2,1.12,270
7/25/2006 19:00,8.6,1.23,270
7/25/2006 19:10,8.5,1.34,270
7/25/2006 19:20,8.8,1.28,270
7/25/2006 19:30,5.8,1.02,270
7/25/2006 19:40,2.9,1.12,270
7/25/2006 19:50,3.7,1.28,270
7/25/2006 20:00,5,1.12,293
7/25/2006 20:10,6.9,1.23,293
7/25/2006 20:20,3.8,1.07,315
7/25/2006 20:30,2.9,1.02,315
7/25/2006 20:40,0.9,0.32,270
7/25/2006 20:50,0,0,248
7/25/2006 21:00,0,0.21,113
7/25/2006 21:10,2.5,1.28,68
7/25/2006 21:20,1.7,1.34,338
7/25/2006 21:30,3.8,1.44,315
7/25/2006 21:40,2.4,1.44,293
7/25/2006 21:50,1.3,0.7,315
7/25/2006 22:00,2.4,1.92,248
7/25/2006 22:10,3.6,1.28,248
7/25/2006 22:20,2.9,1.39,225
7/25/2006 22:30,2.9,1.28,225
7/25/2006 22:40,2,0.96,248
7/25/2006 22:50,3.5,1.07,180
7/25/2006 23:00,1.7,1.02,203
7/25/2006 23:10,3.2,1.87,180
7/25/2006 23:20,3.1,1.5,203
7/25/2006 23:30,3,2.14,203
7/25/2006 23:40,2.4,1.5,225
7/25/2006 23:50,4.4,1.44,248
7/26/2006 0:00,4,1.6,225
7/26/2006 0:10,2.9,1.71,158
7/26/2006 0:20,2.5,1.87,203
7/26/2006 0:30,3.5,1.82,225
7/26/2006 0:40,5.1,1.55,135
7/26/2006 0:50,5.2,2.19,158
7/26/2006 1:00,4.6,2.51,158
7/26/2006 1:10,4.9,2.41,180
7/26/2006 1:20,5.1,2.67,158
7/26/2006 1:30,5,2.99,203
7/26/2006 1:40,5.5,2.35,158
7/26/2006 1:50,4,2.09,113
7/26/2006 2:00,5.6,2.94,135
7/26/2006 2:10,5.2,2.51,158
7/26/2006 2:20,3.7,2.14,113
7/26/2006 2:30,4.9,1.87,68
7/26/2006 2:40,4.7,1.76,135
7/26/2006 2:50,6.5,1.39,158
7/26/2006 3:00,6.2,1.23,158
7/26/2006 3:10,5.7,1.28,158
7/26/2006 3:20,4.8,2.51,158
7/26/2006 3:30,6.2,2.35,180
7/26/2006 3:40,4.4,2.57,158
7/26/2006 3:50,5.9,1.44,158
7/26/2006 4:00,4.5,2.09,180
7/26/2006 4:10,4.7,1.5,158
7/26/2006 4:20,4.4,2.51,180
7/26/2006 4:30,7.7,1.34,225
7/26/2006 4:40,5.8,1.12,203
7/26/2006 4:50,4.6,1.55,203
7/26/2006 5:00,4.6,1.28,225
7/26/2006 5:10,4.4,1.44,180
7/26/2006 5:20,2.2,1.5,180
7/26/2006 5:30,3.6,1.18,225
7/26/2006 5:40,2.1,0.96,225
7/26/2006 5:50,3.8,1.6,203
7/26/2006 6:00,4,1.18,225
7/26/2006 6:10,5.3,0.86,225
7/26/2006 6:20,5.5,0.91,225
7/26/2006 6:30,4.8,0.8,225
7/26/2006 6:40,6.3,1.18,203
7/26/2006 6:50,7.8,0.7,225
7/26/2006 7:00,7.1,0.75,225
7/26/2006 7:10,6.2,0.59,225
7/26/2006 7:20,7.4,0.75,248
7/26/2006 7:30,8.5,0.53,248
7/26/2006 7:40,7.7,0.59,248
7/26/2006 7:50,7.8,0.59,248
7/26/2006 8:00,8.2,0.53,248
7/26/2006 8:10,8.5,0.7,248
7/26/2006 8:20,7.8,0.43,248
7/26/2006 8:30,8.6,0.48,225
7/26/2006 8:40,9.3,0.64,225
7/26/2006 8:50,8.6,0.8,225
7/26/2006 9:00,8.1,0.7,225
7/26/2006 9:10,7.8,0.75,225
7/26/2006 9:20,9,0.8,248
7/26/2006 9:30,9.9,0.64,248
7/26/2006 9:40,10,0.86,248
7/26/2006 9:50,10.7,1.18,248
7/26/2006 10:00,10.2,1.12,270
7/26/2006 10:10,10.2,1.12,248
7/26/2006 10:20,10.5,0.96,248
7/26/2006 10:30,10.6,0.91,248
7/26/2006 10:40,11.2,1.12,248
7/26/2006 10:50,11.6,1.07,248
7/26/2006 11:00,11.8,1.28,248
7/26/2006 11:10,11.2,1.28,270
7/26/2006 11:20,10.8,0.96,270
7/26/2006 11:30,11.7,1.34,270
7/26/2006 11:40,12.5,1.5,270
7/26/2006 11:50,11.2,1.18,248
7/26/2006 12:00,10.5,0.96,248
7/26/2006 12:10,11.5,1.07,270
7/26/2006 12:20,11.2,0.86,270
7/26/2006 12:30,12,0.86,270
7/26/2006 12:40,11.9,1.02,270
7/26/2006 12:50,10.7,0.91,248
7/26/2006 13:00,10.9,1.12,248
7/26/2006 13:10,10.9,0.86,248
7/26/2006 13:20,10.9,0.8,248
7/26/2006 13:30,11,0.96,248
7/26/2006 13:40,11.6,1.12,270
7/26/2006 13:50,12,1.07,248
7/26/2006 14:00,11.2,1.39,248
7/26/2006 14:10,11,1.07,248
7/26/2006 14:20,11.1,0.86,248
7/26/2006 14:30,10.7,1.12,270
7/26/2006 14:40,11.7,1.12,270
7/26/2006 14:50,12.2,1.12,270
7/26/2006 15:00,11.6,0.96,270
7/26/2006 15:10,12,1.07,293
7/26/2006 15:20,12.2,0.91,270
7/26/2006 15:30,11.5,1.28,293
7/26/2006 15:40,12.8,1.12,270
7/26/2006 15:50,12.5,1.23,293
7/26/2006 16:00,12.7,1.07,270
7/26/2006 16:10,12.5,1.07,293
7/26/2006 16:20,12.8,1.76,293
7/26/2006 16:30,12.9,1.39,293
7/26/2006 16:40,13.1,1.18,293
7/26/2006 16:50,12.7,1.12,270
7/26/2006 17:00,12.5,0.96,270
7/26/2006 17:10,11.1,1.02,270
7/26/2006 17:20,12.3,1.12,270
7/26/2006 17:30,12.4,0.96,270
7/26/2006 17:40,11.4,1.07,270
7/26/2006 17:50,12.1,1.12,270
7/26/2006 18:00,13.9,1.18,270
7/26/2006 18:10,14.8,0.96,270
7/26/2006 18:20,14.7,1.18,270
7/26/2006 18:30,14.2,1.18,270
7/26/2006 18:40,13.2,1.34,270
7/26/2006 18:50,13.8,1.23,270
7/26/2006 19:00,13.7,1.6,270
7/26/2006 19:10,12.3,1.76,270
7/26/2006 19:20,12.6,1.34,270
7/26/2006 19:30,12.8,1.39,270
7/26/2006 19:40,12.2,1.34,270
7/26/2006 19:50,12.5,1.28,293
7/26/2006 20:00,12.1,1.39,270
7/26/2006 20:10,11.7,1.44,270
7/26/2006 20:20,11,1.12,270
7/26/2006 20:30,12.9,1.34,270
7/26/2006 20:40,10.8,1.6,293
7/26/2006 20:50,12.3,1.18,315
7/26/2006 21:00,11.3,1.55,315
7/26/2006 21:10,9.1,1.44,315
7/26/2006 21:20,9.5,2.03,315
7/26/2006 21:30,9.7,1.55,293
7/26/2006 21:40,9.8,1.34,315
7/26/2006 21:50,9.3,1.28,293
7/26/2006 22:00,8.7,1.44,293
7/26/2006 22:10,10.1,2.14,293
7/26/2006 22:20,10.2,1.44,293
7/26/2006 22:30,10.9,2.62,293
7/26/2006 22:40,10,1.92,293
7/26/2006 22:50,10.5,1.98,293
7/26/2006 23:00,10.1,2.67,293
7/26/2006 23:10,10.2,2.03,270
7/26/2006 23:20,10.8,3.21,293
7/26/2006 23:30,8.9,2.94,315
7/26/2006 23:40,10.6,2.3,293
7/26/2006 23:50,10.4,1.98,293
7/27/2006 0:00,10.4,2.19,293
7/27/2006 0:10,10.1,1.66,293
7/27/2006 0:20,10.4,2.73,293
7/27/2006 0:30,10.2,1.82,338
7/27/2006 0:40,9.5,2.57,315
7/27/2006 0:50,9.4,2.3,315
7/27/2006 1:00,10.3,2.09,315
7/27/2006 1:10,10.5,2.35,293
7/27/2006 1:20,11.4,2.41,315
7/27/2006 1:30,11.4,2.67,315
7/27/2006 1:40,9.9,3.32,315
7/27/2006 1:50,10.8,2.89,293
7/27/2006 2:00,11.5,2.35,293
7/27/2006 2:10,9.5,2.51,293
7/27/2006 2:20,9.4,3.48,315
7/27/2006 2:30,9.7,1.6,315
7/27/2006 2:40,9.9,2.51,315
7/27/2006 2:50,9.2,3.15,315
7/27/2006 3:00,8.8,2.62,293
7/27/2006 3:10,9.8,2.09,293
7/27/2006 3:20,9.7,1.28,338
7/27/2006 3:30,11.2,1.82,315
7/27/2006 3:40,10.1,1.98,338
7/27/2006 3:50,11.5,1.82,338
7/27/2006 4:00,10.6,1.23,338
7/27/2006 4:10,10.7,1.92,338
7/27/2006 4:20,12.5,1.71,338
7/27/2006 4:30,11.3,1.71,338
7/27/2006 4:40,11.2,1.44,0
7/27/2006 4:50,11.1,1.71,0
7/27/2006 5:00,10.6,1.39,338
7/27/2006 5:10,10.8,1.76,0
7/27/2006 5:20,10.1,1.5,338
7/27/2006 5:30,9.8,1.44,338
7/27/2006 5:40,10.4,1.76,338
7/27/2006 5:50,9.8,2.14,338
7/27/2006 6:00,12.5,1.55,338
7/27/2006 6:10,12.2,2.03,0
7/27/2006 6:20,11.6,1.92,0
7/27/2006 6:30,11.2,1.5,338
7/27/2006 6:40,9.9,1.28,338
7/27/2006 6:50,8.7,1.02,338
7/27/2006 7:00,7.9,1.18,338
7/27/2006 7:10,8.4,1.12,338
7/27/2006 7:20,8.7,1.02,338
7/27/2006 7:30,8.5,1.23,338
7/27/2006 7:40,10.1,1.07,338
7/27/2006 7:50,10.1,1.12,338
7/27/2006 8:00,10.3,1.07,338
7/27/2006 8:10,10.8,1.23,315
7/27/2006 8:20,10.9,1.18,315
7/27/2006 8:30,11.2,1.12,315
7/27/2006 8:40,10.8,1.23,315
7/27/2006 8:50,12,1.28,315
7/27/2006 9:00,12.7,1.44,315
7/27/2006 9:10,12,1.28,315
7/27/2006 9:20,13.3,1.55,315
7/27/2006 9:30,13.1,1.6,315
7/27/2006 9:40,13.6,1.87,338
7/27/2006 9:50,12.3,1.5,315
7/27/2006 10:00,11.9,1.55,338
7/27/2006 10:10,11.8,1.71,315
7/27/2006 10:20,12.6,1.71,315
7/27/2006 10:30,12.2,1.71,338
7/27/2006 10:40,12.6,1.71,315
7/27/2006 10:50,12.3,2.03,315
7/27/2006 11:00,13.1,1.6,315
7/27/2006 11:10,13.6,1.66,315
7/27/2006 11:20,13.8,1.5,315
7/27/2006 11:30,13.3,1.44,315
7/27/2006 11:40,13.5,1.5,315
7/27/2006 11:50,13.2,1.82,315
7/27/2006 12:00,13.6,1.55,338
7/27/2006 12:10,14,1.66,338
7/27/2006 12:20,12.9,1.39,338
7/27/2006 12:30,12.7,1.44,338
7/27/2006 12:40,13,1.55,338
7/27/2006 12:50,13.8,1.44,338
7/27/2006 13:00,13.1,1.6,338
7/27/2006 13:10,13.1,1.6,338
7/27/2006 13:20,12.8,1.66,338
7/27/2006 13:30,13.2,1.66,338
7/27/2006 13:40,13.5,1.6,338
7/27/2006 13:50,12.5,1.71,338
7/27/2006 14:00,12.6,1.44,338
7/27/2006 14:10,12.5,1.44,338
7/27/2006 14:20,11.8,1.44,0
7/27/2006 14:30,12.5,1.55,338
7/27/2006 14:40,12.2,1.23,0
7/27/2006 14:50,11.4,1.34,0
7/27/2006 15:00,11.4,1.44,338
7/27/2006 15:10,10,1.71,338
7/27/2006 15:20,9.4,1.5,338
7/27/2006 15:30,10,1.12,338
7/27/2006 15:40,9.7,1.07,338
7/27/2006 15:50,9.5,0.91,338
7/27/2006 16:00,10.6,0.91,338
7/27/2006 16:10,10.7,0.91,338
7/27/2006 16:20,10.8,1.07,338
7/27/2006 16:30,10.5,1.12,338
7/27/2006 16:40,10.2,1.12,338
7/27/2006 16:50,10.9,1.07,338
7/27/2006 17:00,10.7,1.07,338
7/27/2006 17:10,10.5,1.07,338
7/27/2006 17:20,10.3,1.12,338
7/27/2006 17:30,10.5,1.02,338
7/27/2006 17:40,10.9,0.96,338
7/27/2006 17:50,10.6,1.18,338
7/27/2006 18:00,11.3,1.12,338
7/27/2006 18:10,10.7,1.23,338
7/27/2006 18:20,11.4,1.34,338
7/27/2006 18:30,11.8,1.39,338
7/27/2006 18:40,12.3,1.39,338
7/27/2006 18:50,12.7,1.39,338
7/27/2006 19:00,12.7,1.39,338
7/27/2006 19:10,12.5,1.55,338
7/27/2006 19:20,13.7,1.55,338
7/27/2006 19:30,12.2,1.6,338
7/27/2006 19:40,13.1,1.66,338
7/27/2006 19:50,14.1,1.71,338
7/27/2006 20:00,13.1,1.5,338
7/27/2006 20:10,12.4,1.66,0
7/27/2006 20:20,12.2,1.6,0
7/27/2006 20:30,11.7,1.71,0
7/27/2006 20:40,12.9,2.09,0
7/27/2006 20:50,12.2,1.71,0
7/27/2006 21:00,11.8,2.19,338
7/27/2006 21:10,12,1.44,338
7/27/2006 21:20,11.9,1.71,338
7/27/2006 21:30,11.8,1.87,0
7/27/2006 21:40,12.7,1.76,0
7/27/2006 21:50,13.7,1.82,0
7/27/2006 22:00,14,1.98,0
7/27/2006 22:10,15.6,2.03,0
7/27/2006 22:20,15.5,2.35,0
7/27/2006 22:30,16.2,2.03,0
7/27/2006 22:40,17.6,2.57,0
7/27/2006 22:50,17.1,2.57,0
7/27/2006 23:00,16.1,2.62,0
7/27/2006 23:10,18.3,2.46,0
7/27/2006 23:20,16.5,2.78,0
7/27/2006 23:30,17.7,2.41,0
7/27/2006 23:40,19.1,2.94,0
7/27/2006 23:50,19,2.67,0
7/28/2006 0:00,18.6,2.62,0
7/28/2006 0:10,17.9,2.41,0
7/28/2006 0:20,17.5,3.15,0
7/28/2006 0:30,20.2,2.62,0
7/28/2006 0:40,18.8,2.62,0
7/28/2006 0:50,20.5,2.51,338
7/28/2006 1:00,18.1,2.94,0
7/28/2006 1:10,18.9,2.73,0
7/28/2006 1:20,18.7,2.78,338
7/28/2006 1:30,18.5,2.78,0
7/28/2006 1:40,20.2,2.67,0
7/28/2006 1:50,20.5,2.83,0
7/28/2006 2:00,19.5,2.99,0
7/28/2006 2:10,19.3,2.94,338
7/28/2006 2:20,20.8,2.78,338
7/28/2006 2:30,21,2.35,0
7/28/2006 2:40,19.9,2.83,338
7/28/2006 2:50,19.5,3.32,0
7/28/2006 3:00,20.3,2.73,0
7/28/2006 3:10,20.2,3.05,0
7/28/2006 3:20,20.1,2.46,0
7/28/2006 3:30,19.5,3.21,0
7/28/2006 3:40,20,2.35,0
7/28/2006 3:50,18.6,2.46,0
7/28/2006 4:00,17.7,3.21,0
7/28/2006 4:10,18.9,2.62,0
7/28/2006 4:20,17.1,3.37,0
7/28/2006 4:30,18.3,3.05,0
7/28/2006 4:40,15.5,2.73,0
7/28/2006 4:50,18.1,2.73,0
7/28/2006 5:00,18.5,2.83,0
7/28/2006 5:10,15.1,2.46,0
7/28/2006 5:20,14.8,2.46,338
7/28/2006 5:30,15.5,1.82,338
7/28/2006 5:40,14.6,2.41,338
7/28/2006 5:50,14.4,13.63,338
7/28/2006 6:00,15.8,2.3,338
7/28/2006 6:10,15.4,2.09,338
7/28/2006 6:20,14.3,2.14,338
7/28/2006 6:30,15.2,2.14,338
7/28/2006 6:40,13.9,1.98,338
7/28/2006 6:50,14.4,2.19,338
7/28/2006 7:00,15.9,1.92,338
7/28/2006 7:10,15.1,1.87,338
7/28/2006 7:20,14.6,2.03,338
7/28/2006 7:30,13.9,2.03,338
7/28/2006 7:40,13,1.98,338
7/28/2006 7:50,13.5,1.98,338
7/28/2006 8:00,13.9,1.82,338
7/28/2006 8:10,14.8,2.25,338
7/28/2006 8:20,14.3,1.82,338
7/28/2006 8:30,14.9,2.14,338
7/28/2006 8:40,15.5,2.35,338
7/28/2006 8:50,15.1,1.87,338
7/28/2006 9:00,15.9,1.87,0
7/28/2006 9:10,14.5,1.76,338
7/28/2006 9:20,14.8,2.19,338
7/28/2006 9:30,15.6,2.46,338
7/28/2006 9:40,14.7,2.19,338
7/28/2006 9:50,14.6,1.98,338
7/28/2006 10:00,15,2.09,338
7/28/2006 10:10,14.7,1.87,338
7/28/2006 10:20,15.2,2.09,338
7/28/2006 10:30,15,1.76,338
7/28/2006 10:40,15.4,1.82,338
7/28/2006 10:50,14.5,1.71,338
7/28/2006 11:00,14.8,1.76,338
7/28/2006 11:10,14.5,1.76,338
7/28/2006 11:20,14.4,2.03,338
7/28/2006 11:30,13.1,1.82,338
7/28/2006 11:40,13.7,1.76,338
7/28/2006 11:50,13.8,1.76,338
7/28/2006 12:00,13.7,1.87,338
7/28/2006 12:10,14.1,1.66,338
7/28/2006 12:20,13.9,1.98,338
7/28/2006 12:30,14.6,1.98,338
7/28/2006 12:40,13.3,2.46,338
7/28/2006 12:50,12.7,1.82,338
7/28/2006 13:00,11.5,1.71,338
7/28/2006 13:10,11.8,1.66,338
7/28/2006 13:20,11.8,1.55,338
7/28/2006 13:30,11.8,1.5,338
7/28/2006 13:40,11.7,1.39,338
7/28/2006 13:50,12.1,1.44,338
7/28/2006 14:00,11.4,1.18,338
7/28/2006 14:10,11.2,1.6,338
7/28/2006 14:20,11.3,1.44,315
7/28/2006 14:30,11.2,1.44,315
7/28/2006 14:40,11.9,1.28,315
7/28/2006 14:50,11.6,1.55,315
7/28/2006 15:00,12.2,1.39,315
7/28/2006 15:10,11.8,1.39,315
7/28/2006 15:20,12,1.34,315
7/28/2006 15:30,11.9,1.34,315
7/28/2006 15:40,12.8,1.55,315
7/28/2006 15:50,13.1,1.6,315
7/28/2006 16:00,12.2,1.55,315
7/28/2006 16:10,12.3,1.5,315
7/28/2006 16:20,12.1,1.44,315
7/28/2006 16:30,12.9,1.55,315
7/28/2006 16:40,12.7,1.5,315
7/28/2006 16:50,12.9,1.39,315
7/28/2006 17:00,13.8,1.66,315
7/28/2006 17:10,14.3,1.82,315
7/28/2006 17:20,14.2,1.55,315
7/28/2006 17:30,14.3,1.55,315
7/28/2006 17:40,14.5,1.66,315
7/28/2006 17:50,13.7,1.82,315
7/28/2006 18:00,12.7,1.76,315
7/28/2006 18:10,12,1.76,315
7/28/2006 18:20,13,1.92,315
7/28/2006 18:30,12.3,1.55,315
7/28/2006 18:40,12.4,1.66,315
7/28/2006 18:50,12.1,1.71,315
7/28/2006 19:00,12,1.66,315
7/28/2006 19:10,13.9,1.55,315
7/28/2006 19:20,13.5,1.55,315
7/28/2006 19:30,12.4,1.66,315
7/28/2006 19:40,13,1.6,315
7/28/2006 19:50,13.3,2.19,315
7/28/2006 20:00,14.1,1.92,315
7/28/2006 20:10,12.5,2.46,315
7/28/2006 20:20,12.3,2.19,338
7/28/2006 20:30,12.2,2.09,315
7/28/2006 20:40,12.3,1.66,315
7/28/2006 20:50,10.4,2.14,338
7/28/2006 21:00,11.8,1.92,338
7/28/2006 21:10,11.6,2.25,315
7/28/2006 21:20,10.8,2.19,315
7/28/2006 21:30,10.8,2.03,338
7/28/2006 21:40,12.7,2.03,338
7/28/2006 21:50,13.2,1.87,315
7/28/2006 22:00,13.9,1.76,315
7/28/2006 22:10,13,2.99,338
7/28/2006 22:20,14.3,2.35,338
7/28/2006 22:30,15.6,2.35,338
7/28/2006 22:40,15.8,2.67,338
7/28/2006 22:50,16.4,2.19,338
7/28/2006 23:00,15.8,2.14,338
7/28/2006 23:10,16.6,2.25,338
7/28/2006 23:20,15.3,2.62,338
7/28/2006 23:30,16.3,2.25,338
7/28/2006 23:40,17,2.51,338
7/28/2006 23:50,16.7,2.3,338
7/29/2006 0:00,16.8,1.92,338
7/29/2006 0:10,15.2,3.15,338
7/29/2006 0:20,15.2,2.83,338
7/29/2006 0:30,15.9,2.09,338
7/29/2006 0:40,16.2,2.25,338
7/29/2006 0:50,14.9,3.21,338
7/29/2006 1:00,15.1,1.87,0
7/29/2006 1:10,15.6,2.19,0
7/29/2006 1:20,15.1,2.89,338
7/29/2006 1:30,16,2.94,338
7/29/2006 1:40,15.8,2.41,338
7/29/2006 1:50,14.3,2.46,338
7/29/2006 2:00,14.3,2.89,338
7/29/2006 2:10,14.7,2.78,338
7/29/2006 2:20,13,3.05,338
7/29/2006 2:30,13.2,2.94,338
7/29/2006 2:40,14.6,2.62,338
7/29/2006 2:50,15.1,2.41,338
7/29/2006 3:00,15.1,2.35,338
7/29/2006 3:10,16.2,2.83,338
7/29/2006 3:20,15.5,2.51,0
7/29/2006 3:30,13.8,2.35,338
7/29/2006 3:40,16.2,2.19,338
7/29/2006 3:50,14.8,2.46,0
7/29/2006 4:00,16.1,2.46,0
7/29/2006 4:10,14.3,2.19,0
7/29/2006 4:20,17.7,2.19,0
7/29/2006 4:30,16.4,2.19,0
7/29/2006 4:40,16.8,2.25,0
7/29/2006 4:50,16.2,2.67,0
7/29/2006 5:00,15.6,2.19,338
7/29/2006 5:10,15.9,2.19,338
7/29/2006 5:20,14.1,2.19,338
7/29/2006 5:30,13,2.35,338
7/29/2006 5:40,12.4,2.62,338
7/29/2006 5:50,13.9,2.3,338
7/29/2006 6:00,12.1,2.25,338
7/29/2006 6:10,11.8,1.98,338
7/29/2006 6:20,12.2,1.6,338
7/29/2006 6:30,13.1,1.98,338
7/29/2006 6:40,12.5,1.5,338
7/29/2006 6:50,12.5,1.76,338
7/29/2006 7:00,12.9,1.71,338
7/29/2006 7:10,12.5,1.6,338
7/29/2006 7:20,12.3,1.44,338
7/29/2006 7:30,12.1,1.34,338
7/29/2006 7:40,12.4,1.6,338
7/29/2006 7:50,11.6,1.71,338
7/29/2006 8:00,11.5,1.5,315
7/29/2006 8:10,11.8,1.44,315
7/29/2006 8:20,12.8,1.5,315
7/29/2006 8:30,12.7,1.5,315
7/29/2006 8:40,12.5,1.34,315
7/29/2006 8:50,12.8,1.44,315
7/29/2006 9:00,12.6,1.55,315
7/29/2006 9:10,12.4,1.39,315
7/29/2006 9:20,12.3,1.55,315
7/29/2006 9:30,12.8,1.44,315
7/29/2006 9:40,12.7,1.55,315
7/29/2006 9:50,6.6,6.1,315
7/29/2006 10:00,7.1,5.88,315
7/29/2006 10:10,13.1,1.55,315
7/29/2006 10:20,12.4,1.5,315
7/29/2006 10:30,13.1,1.71,315
7/29/2006 10:40,12.9,1.55,315
7/29/2006 10:50,12.9,1.71,315
7/29/2006 11:00,12.8,1.55,315
7/29/2006 11:10,13.7,1.66,315
7/29/2006 11:20,13.1,1.92,315
7/29/2006 11:30,13,1.71,315
7/29/2006 11:40,12.2,1.71,315
7/29/2006 11:50,12.9,1.82,315
7/29/2006 12:00,13,1.66,315
7/29/2006 12:10,13.5,1.82,315
7/29/2006 12:20,14.3,1.76,315
7/29/2006 12:30,13.9,1.98,315
7/29/2006 12:40,14.6,1.82,315
7/29/2006 12:50,13.9,1.87,315
7/29/2006 13:00,14,1.82,315
7/29/2006 13:10,14.6,1.82,315
7/29/2006 13:20,14.3,1.71,338
7/29/2006 13:30,13,1.98,338
7/29/2006 13:40,13.8,1.55,338
7/29/2006 13:50,14,1.5,338
7/29/2006 14:00,13.8,1.71,338
7/29/2006 14:10,13.5,1.76,338
7/29/2006 14:20,12.9,1.66,338
7/29/2006 14:30,12.8,1.44,338
7/29/2006 14:40,12.8,1.6,338
7/29/2006 14:50,12.6,1.6,338
7/29/2006 15:00,12.1,1.44,338
7/29/2006 15:10,12.5,1.76,338
7/29/2006 15:20,14.3,1.76,338
7/29/2006 15:30,14.1,1.76,338
7/29/2006 15:40,12.7,1.87,338
7/29/2006 15:50,12.9,1.6,338
7/29/2006 16:00,13.2,1.76,338
7/29/2006 16:10,13.1,1.6,338
7/29/2006 16:20,13.7,1.71,338
7/29/2006 16:30,13.1,1.92,338
7/29/2006 16:40,11.8,1.55,338
7/29/2006 16:50,11.5,1.44,338
7/29/2006 17:00,11.3,1.28,338
7/29/2006 17:10,11.2,1.39,338
7/29/2006 17:20,12.1,1.44,338
7/29/2006 17:30,12.7,1.39,338
7/29/2006 17:40,13.5,1.39,338
7/29/2006 17:50,13,1.66,338
7/29/2006 18:00,13,1.55,338
7/29/2006 18:10,12.9,1.44,338
7/29/2006 18:20,12.8,1.44,338
7/29/2006 18:30,12.8,1.55,338
7/29/2006 18:40,12.8,1.76,338
7/29/2006 18:50,12.9,1.55,338
7/29/2006 19:00,13,1.92,338
7/29/2006 19:10,12.8,2.09,338
7/29/2006 19:20,13.3,2.09,338
7/29/2006 19:30,13.7,1.87,338
7/29/2006 19:40,13.7,1.76,338
7/29/2006 19:50,13.2,1.87,0
7/29/2006 20:00,13.6,2.09,0
7/29/2006 20:10,13,2.03,0
7/29/2006 20:20,14.4,13.63,0
7/29/2006 20:30,14.3,2.19,0
7/29/2006 20:40,13.4,1.76,0
7/29/2006 20:50,14.3,2.14,0
7/29/2006 21:00,13.3,1.98,0
7/29/2006 21:10,12.4,2.19,0
7/29/2006 21:20,11.2,1.71,338
7/29/2006 21:30,12,1.55,0
7/29/2006 21:40,11.6,1.98,0
7/29/2006 21:50,13.6,1.6,0
7/29/2006 22:00,13.1,2.35,0
7/29/2006 22:10,12.7,1.92,338
7/29/2006 22:20,12.7,2.03,338
7/29/2006 22:30,13.8,2.3,338
7/29/2006 22:40,13.1,2.09,338
7/29/2006 22:50,14.3,1.87,338
7/29/2006 23:00,14.4,1.82,338
7/29/2006 23:10,14,2.35,0
7/29/2006 23:20,12.2,2.14,338
7/29/2006 23:30,13.7,2.25,315
7/29/2006 23:40,14.1,2.03,338
7/29/2006 23:50,14.2,2.3,338
7/30/2006 0:00,15.1,2.3,338
7/30/2006 0:10,12.9,2.25,338
7/30/2006 0:20,15,2.51,338
7/30/2006 0:30,15.2,2.62,338
7/30/2006 0:40,17.2,2.73,0
7/30/2006 0:50,18.7,3.58,338
7/30/2006 1:00,19.1,2.99,0
7/30/2006 1:10,19.9,2.94,0
7/30/2006 1:20,21.6,3.48,0
7/30/2006 1:30,22.2,3.05,0
7/30/2006 1:40,20.4,3.1,0
7/30/2006 1:50,19.4,3.26,0
7/30/2006 2:00,20.9,3.15,0
7/30/2006 2:10,20.2,3.9,0
7/30/2006 2:20,20.5,2.99,0
7/30/2006 2:30,22.6,2.94,0
7/30/2006 2:40,22.1,3.53,0
7/30/2006 2:50,21.8,3.05,0
7/30/2006 3:00,22.8,3.8,0
7/30/2006 3:10,20.9,3.37,0
7/30/2006 3:20,21.6,3.74,0
7/30/2006 3:30,20.6,3.26,0
7/30/2006 3:40,22.3,2.94,0
7/30/2006 3:50,22.1,4.49,0
7/30/2006 4:00,22.2,3.9,0
7/30/2006 4:10,21.2,2.83,0
7/30/2006 4:20,20.7,3.37,0
7/30/2006 4:30,21.6,3.15,0
7/30/2006 4:40,20.3,3.37,0
7/30/2006 4:50,21.6,2.99,0
7/30/2006 5:00,20.2,3.15,0
7/30/2006 5:10,21.5,2.99,0
7/30/2006 5:20,20.6,3.74,0
7/30/2006 5:30,18.8,2.99,0
7/30/2006 5:40,19.5,3.37,0
7/30/2006 5:50,17.4,3.1,0
7/30/2006 6:00,15.8,2.73,0
7/30/2006 6:10,14.7,2.03,0
7/30/2006 6:20,15,2.41,338
7/30/2006 6:30,14.4,13.63,0
7/30/2006 6:40,12.9,1.92,338
7/30/2006 6:50,10.4,1.82,338
7/30/2006 7:00,10.2,1.39,338
7/30/2006 7:10,11.7,1.6,338
7/30/2006 7:20,11.1,1.55,338
7/30/2006 7:30,10.9,1.23,338
7/30/2006 7:40,10.6,1.6,315
7/30/2006 7:50,10.4,1.39,315
7/30/2006 8:00,10.4,1.44,315
7/30/2006 8:10,10.6,1.66,315
7/30/2006 8:20,10,1.34,315
7/30/2006 8:30,10.8,1.23,293
7/30/2006 8:40,11.1,1.39,293
7/30/2006 8:50,11.2,1.6,315
7/30/2006 9:00,11.3,1.34,315
7/30/2006 9:10,10.9,1.66,315
7/30/2006 9:20,11.9,1.98,315
7/30/2006 9:30,11.7,1.5,315
7/30/2006 9:40,12,1.76,315
7/30/2006 9:50,13.3,1.66,315
7/30/2006 10:00,13.3,1.71,315
7/30/2006 10:10,13.5,1.76,315
7/30/2006 10:20,14.8,2.14,315
7/30/2006 10:30,15.6,2.25,338
7/30/2006 10:40,16.9,2.51,338
7/30/2006 10:50,17.4,2.62,338
7/30/2006 11:00,16.7,2.41,338
7/30/2006 11:10,16.9,2.09,338
7/30/2006 11:20,17.1,2.41,338
7/30/2006 11:30,17.5,2.51,338
7/30/2006 11:40,17.1,2.35,338
7/30/2006 11:50,18.4,2.67,338
7/30/2006 12:00,17.9,2.14,338
7/30/2006 12:10,17.5,2.83,338
7/30/2006 12:20,17.4,2.3,338
7/30/2006 12:30,17.8,2.62,338
7/30/2006 12:40,17.7,2.46,338
7/30/2006 12:50,17.2,2.73,338
7/30/2006 13:00,17.5,1.92,338
7/30/2006 13:10,18,2.41,338
7/30/2006 13:20,16.7,2.46,338
7/30/2006 13:30,16.6,2.35,338
7/30/2006 13:40,17.4,2.73,338
7/30/2006 13:50,16.9,2.67,338
7/30/2006 14:00,17.9,2.46,338
7/30/2006 14:10,17.7,2.83,338
7/30/2006 14:20,19.1,2.57,338
7/30/2006 14:30,20.1,2.73,338
7/30/2006 14:40,19.5,3.48,338
7/30/2006 14:50,18.5,2.57,338
7/30/2006 15:00,17.8,2.51,338
7/30/2006 15:10,19.4,2.62,338
7/30/2006 15:20,18.2,2.78,338
7/30/2006 15:30,19.3,2.41,338
7/30/2006 15:40,18.3,2.19,338
7/30/2006 15:50,18.5,2.41,338
7/30/2006 16:00,17.2,2.41,338
7/30/2006 16:10,16.9,2.25,338
7/30/2006 16:20,15.6,2.41,338
7/30/2006 16:30,16.1,2.46,338
7/30/2006 16:40,15.2,1.98,338
7/30/2006 16:50,15.1,1.92,338
7/30/2006 17:00,14.4,13.63,338
7/30/2006 17:10,15.2,2.19,338
7/30/2006 17:20,14.7,2.14,338
7/30/2006 17:30,14.9,1.92,338
7/30/2006 17:40,15.4,1.87,338
7/30/2006 17:50,15.5,2.09,338
7/30/2006 18:00,16.6,2.03,338
7/30/2006 18:10,15.7,1.92,338
7/30/2006 18:20,15.1,2.19,315
7/30/2006 18:30,15.2,1.92,315
7/30/2006 18:40,15.4,1.82,315
7/30/2006 18:50,15.7,2.35,315
7/30/2006 19:00,15.2,2.09,338
7/30/2006 19:10,15.5,2.51,338
7/30/2006 19:20,14.7,1.98,338
7/30/2006 19:30,14.4,2.25,338
7/30/2006 19:40,15.4,2.57,338
7/30/2006 19:50,13.8,2.41,338
7/30/2006 20:00,15.6,2.25,338
7/30/2006 20:10,17.3,2.46,338
7/30/2006 20:20,18.4,2.67,338
7/30/2006 20:30,18.3,2.46,338
7/30/2006 20:40,17.7,2.94,338
7/30/2006 20:50,18.4,3.05,338
7/30/2006 21:00,18.7,2.25,338
7/30/2006 21:10,17.4,3.48,338
7/30/2006 21:20,19,3.26,338
7/30/2006 21:30,16.3,3.64,0
7/30/2006 21:40,19.8,2.94,338
7/30/2006 21:50,19,2.89,338
7/30/2006 22:00,20.5,3.26,338
7/30/2006 22:10,19,3.21,0
7/30/2006 22:20,21,3.15,338
7/30/2006 22:30,19.2,3.26,338
7/30/2006 22:40,20.7,3.64,338
7/30/2006 22:50,20.6,3.64,0
7/30/2006 23:00,18.8,3.05,338
7/30/2006 23:10,21.3,4.01,0
7/30/2006 23:20,21.1,3.21,338
7/30/2006 23:30,22.5,2.94,0
7/30/2006 23:40,21,3.05,0
7/30/2006 23:50,21.5,3.37,338
7/31/2006 0:00,21,3.58,338
7/31/2006 0:10,20.7,3.96,0
7/31/2006 0:20,20.5,3.15,0
7/31/2006 0:30,21.2,3.58,0
7/31/2006 0:40,21.7,3.96,0
7/31/2006 0:50,23.5,3.8,0
7/31/2006 1:00,22.4,3.74,0
7/31/2006 1:10,23.6,3.37,0
7/31/2006 1:20,22.9,4.44,0
7/31/2006 1:30,25.1,4.06,0
7/31/2006 1:40,24.8,4.54,0
7/31/2006 1:50,25.7,3.74,0
7/31/2006 2:00,24.6,4.01,0
7/31/2006 2:10,26.6,3.64,0
7/31/2006 2:20,24.6,4.76,0
7/31/2006 2:30,22.9,3.64,0
7/31/2006 2:40,23.6,3.64,0
7/31/2006 2:50,25.7,4.01,23
7/31/2006 3:00,26.7,4.17,0
7/31/2006 3:10,25.9,3.74,0
7/31/2006 3:20,26.7,4.65,23
7/31/2006 3:30,26.2,4.38,23
7/31/2006 3:40,26.8,4.28,23
7/31/2006 3:50,25.1,3.9,23
7/31/2006 4:00,27.4,3.74,23
7/31/2006 4:10,25.6,3.9,23
7/31/2006 4:20,24.3,3.32,23
7/31/2006 4:30,25.2,4.38,23
7/31/2006 4:40,24.4,3.58,23
7/31/2006 4:50,23.9,3.26,0
7/31/2006 5:00,21.5,3.58,23
7/31/2006 5:10,24.1,4.06,0
7/31/2006 5:20,18.6,3.32,0
7/31/2006 5:30,13.7,2.51,0
7/31/2006 5:40,14,2.25,0
7/31/2006 5:50,12.7,2.3,0
7/31/2006 6:00,12,1.76,0
7/31/2006 6:10,10.6,1.66,0
7/31/2006 6:20,10.8,1.55,0
7/31/2006 6:30,10.8,1.44,0
7/31/2006 6:40,10.4,1.66,338
7/31/2006 6:50,9.4,1.34,338
7/31/2006 7:00,10.8,1.44,338
7/31/2006 7:10,10.5,1.39,338
7/31/2006 7:20,10.8,1.71,338
7/31/2006 7:30,12.4,1.6,338
7/31/2006 7:40,12.4,1.71,338
7/31/2006 7:50,12.5,1.71,338
7/31/2006 8:00,12.8,1.87,338
7/31/2006 8:10,9.8,2.3,68
7/31/2006 8:20,10.6,4.65,113
7/31/2006 8:30,10.4,1.71,68
7/31/2006 8:40,10.5,2.41,90
7/31/2006 8:50,6.9,5.19,90
7/31/2006 9:00,11.6,2.89,135
7/31/2006 9:10,6.3,8.34,135
7/31/2006 9:20,11.1,5.61,158
7/31/2006 9:30,4.8,2.41,158
7/31/2006 9:40,8.6,1.28,158
7/31/2006 9:50,9.6,1.98,135
7/31/2006 10:00,14,1.71,158
7/31/2006 10:10,11.3,1.28,158
7/31/2006 10:20,12.4,1.82,158
7/31/2006 10:30,13.6,2.03,158
7/31/2006 10:40,13.6,2.67,158
7/31/2006 10:50,11,3.05,180
7/31/2006 11:00,10.9,2.51,180
7/31/2006 11:10,11.3,1.55,135
7/31/2006 11:20,8.9,1.44,158
7/31/2006 11:30,11,1.76,203
7/31/2006 11:40,11.5,1.71,203
7/31/2006 11:50,13.3,1.98,225
7/31/2006 12:00,14.7,2.19,225
7/31/2006 12:10,14.5,1.6,225
7/31/2006 12:20,13.6,1.71,225
7/31/2006 12:30,12.1,1.92,225
7/31/2006 12:40,13.5,1.82,225
7/31/2006 12:50,14.9,1.6,248
7/31/2006 13:00,13.5,1.71,248
7/31/2006 13:10,13.1,1.76,248
7/31/2006 13:20,13.2,1.44,248
7/31/2006 13:30,12,1.34,248
7/31/2006 13:40,11.3,1.44,248
7/31/2006 13:50,10.5,1.23,248
7/31/2006 14:00,10.8,1.34,248
7/31/2006 14:10,9.3,1.98,248
7/31/2006 14:20,7.6,1.12,225
7/31/2006 14:30,7.8,1.6,203
7/31/2006 14:40,4.1,3.64,225
7/31/2006 14:50,12.2,1.18,225
7/31/2006 15:00,8.4,1.71,203
7/31/2006 15:10,6.4,1.18,203
7/31/2006 15:20,7.1,1.39,203
7/31/2006 15:30,7.5,1.02,203
7/31/2006 15:40,7,0.91,225
7/31/2006 15:50,7.4,1.55,203
7/31/2006 16:00,7.4,1.12,180
7/31/2006 16:10,9.2,1.71,180
7/31/2006 16:20,9.3,1.71,180
7/31/2006 16:30,9.4,1.66,203
7/31/2006 16:40,9.4,1.82,203
7/31/2006 16:50,10.4,1.6,203
7/31/2006 17:00,11,2.03,203
7/31/2006 17:10,10.7,1.98,203
7/31/2006 17:20,12.8,2.09,203
7/31/2006 17:30,14.5,2.67,203
7/31/2006 17:40,17,2.51,225
7/31/2006 17:50,13.6,1.66,248
7/31/2006 18:00,12.2,1.87,248
7/31/2006 18:10,9,1.12,270
